File,aid,Date,2061,2062,2065,2066,2069,2070,2111,2116,2118,2120,2122,2124,2175,2185,2186,2189,2190,2193,2239,2257,2258,2261,2262,2265,2266,2321,2322,2325,2326,2329,2367,2376,2378,2380,2382,2384,2431,2445,2446,2449,2450,2453,2454,2495,2517,2518,2521,2522,2525,2559,3098,3102,3106,3135,3154,3158,3162,3199,3222,3226,3230,3263,3294,3298,3302,3327,3358,3362,3366,3391,3414,3418,3422,3455,3482,3486,3490,3519,3554,3558,3562,3583,4109,4110,4113,4114,4117,4118,4159,4164,4166,4168,4170,4172,4174,4223,4237,4369,4370,4373,4374,4377,4378,4415,5146,5150,5154,5183,5202,5206,5210,5247,5274,5406,5410,5414,5439,6157,6158,6161,6162,6165,6166,6207,6212,6214,6216,6218,6220,6222,6271,6285,6417,6418,6421,6422,6425,6426,6463,7194,7198,7202,7231,7250,7254,7258,7295,7454,7458,7462,7487,18450,18453,18709,18713,19490,19942,34837,34838,34841,34842,34879,34892,34894,34896,34898,34900,34943,34961,34962,34965,34966,34969,35007,35033,35034,35037,35038,35071,35097,35098,35101,35102,35105,35135,35152,35154,35156,35158,35160,35199,35221,35222,35225,35226,35229,35230,35263,35293,35294,35297,35298,35301,35302,35327,35874,35878,35930,35934,35967,35998,36002,36070,36074,36078,36134,36138,36142,36190,36194,36198,36223,36258,36262,36266,36287,36330,36334,36338,36351,36885,36889,36890,36927,36940,36942,36944,36946,36950,36991,37013,37145,37146,37149,37150,37153,37154,37183,37922,37926,37978,37982,37986,38015,38182,38186,38190,38207,38933,38934,38937,38938,38975,38988,38990,38992,38994,39039,39193,39194,39197,39198,39201,39202,39231,39389,39394,39423,39970,39974,40026,40030,40063,40230,40234,40238,40255,51229,51485,51609,51681
_250m_16_days_VI_Quality_2022361_aid0001,aid0001,2022-12-27 00:00:00+00:00,,1314,,12.0,,,,2378.0,,,,,,164416.0,42.0,12.0,,,,33920.0,71.0,1322.0,4.0,,,,,,,,,128.0,,,,,,5203,,,,,,,1652.0,4.0,268.0,48.0,,,1064,21.0,,,40.0,,,,4851.0,,,,9197.0,108.0,,,,,,,,,,,260.0,2.0,,,76.0,36.0,,,,1741,,553,,,26.0,6529,,2619.0,773.0,,,4.0,,2773,,692.0,293.0,,,4.0,1452,543.0,,22.0,170.0,688.0,,,,409.0,598.0,,2.0,,641,56.0,140.0,,,114.0,300.0,,328.0,520.0,,,8.0,,500.0,,124.0,410.0,,,7.0,436.0,182.0,,28.0,4.0,140.0,,,97.0,38.0,,3.0,,,,,,,,,,,,,,,,,,48.0,,,,,,168.0,,,,,,,,,,,,,,,,,212.0,,,,,,,284.0,16.0,8.0,20.0,,,,,,,,,,,,,,,,,,,,,,,,,,,,,,,,,97.0,,84.0,136.0,,,,347,,20.0,104.0,,,9.0,,,,16.0,,,66.0,80.0,,3.0,,,228.0,,,4.0,,60.0,24.0,,156.0,,12.0,120.0,,,11.0,,,,,,16.0,40.0,1.0,63.0,4.0,,1.0,,,,
_250m_16_days_VI_Quality_2023009_aid0001,aid0001,2023-01-09 00:00:00+00:00,184.0,2817,,60.0,,,,21610.0,,,,,,182861.0,,,,,,6215.0,24.0,200.0,256.0,,,24.0,,,,,,2420.0,,,,,,3470,12.0,,,,,,702.0,56.0,20.0,57.0,,,560,20.0,,,36.0,,,,4114.0,,,,256.0,746.0,,,,,,,,,,,36.0,,,,292.0,188.0,,,52.0,1610,,331,,,10.0,6193,109.0,485.0,800.0,,,3.0,,3082,100.0,100.0,660.0,,,13.0,605,323.0,,,1079.0,1500.0,,,,1030.0,1208.0,,,,590,,215.0,,,23.0,450.0,20.0,144.0,151.0,,,3.0,,559.0,4.0,44.0,234.0,,,9.0,394.0,202.0,,,224.0,228.0,,,169.0,181.0,,,,,,,,,,,,,,8.0,,,,,,38.0,,,,,,112.0,,,,,,,,,,,304.0,,,,,,108.0,,,,,,4.0,146.0,20.0,,16.0,,,,,,,,,,,,,,,,,,,,,12.0,,,,88.0,44.0,,,,,,,48.0,,28.0,,,,,288,36.0,4.0,10.0,,,1.0,,,32.0,64.0,,,142.0,84.0,,,24.0,,,,,56.0,,188.0,,,140.0,8.0,48.0,13.0,,,4.0,,,,4.0,,8.0,64.0,,181.0,126.0,,,,,,
_250m_16_days_VI_Quality_2023025_aid0001,aid0001,2023-01-25 00:00:00+00:00,,949,,8.0,,,,,,,,,,87584.0,,,,,,127507.0,8.0,137.0,36.0,,,,,,,,,,,,,,,2202,,,,,,,1492.0,,40.0,24.0,,,260,40.0,,,,,,,236.0,,,,1781.0,210.0,,,,,,,,,,,92.0,,,,228.0,172.0,,,,941,,56,,,1.0,11452,,1597.0,536.0,,,,,2095,,156.0,212.0,,,1.0,493,273.0,,,2311.0,2323.0,,,,1058.0,393.0,,,,359,,40.0,,,2.0,624.0,,540.0,321.0,,,,,421.0,,48.0,48.0,,,2.0,259.0,98.0,,5.0,624.0,577.0,,,240.0,112.0,,,,,,,,,,,,,,,,,,,,64.0,,,,,,48.0,,,,,,,,,,,,,,,,,320.0,,,,,,,172.0,,,8.0,,,,,,,,,,,20.0,16.0,,,,,,,,,16.0,,,,32.0,16.0,,,,,,,44.0,,,12.0,,,,160,,40.0,28.0,,,10.0,,,4.0,,,,137.0,56.0,,,,,,,,,,56.0,16.0,,72.0,,60.0,16.0,,,,,,,,4.0,,28.0,,103.0,92.0,,,,,,
_250m_16_days_VI_Quality_2023041_aid0001,aid0001,2023-02-10 00:00:00+00:00,188.0,789,,4.0,,,,61995.0,,,,,,149361.0,,,,,,7261.0,,,,,,,,,,,,213.0,,,,,,1718,,,,,,,396.0,,40.0,4.0,,,100,16.0,,,,,,,20.0,,,,192.0,16.0,,,,,,,4.0,,,,,,,,112.0,80.0,,,,557,,24,,,,15728,244.0,2895.0,23.0,,,,,2163,8.0,49.0,12.0,,,1.0,136,195.0,,,803.0,1628.0,,,,312.0,422.0,,,8.0,88,4.0,8.0,,,,1525.0,,817.0,52.0,,,,,272.0,,44.0,,,,,32.0,57.0,,,232.0,1244.0,,,38.0,84.0,,,,,,,,,,,,,,12.0,,,,,,32.0,,,,,,44.0,,,,,,,,,,,36.0,,,,,,119.0,,,,,,,28.0,,,,,,,,,,,,,,,,,,,,,,,,,,,,4.0,,,,,,,,27.0,,140.0,,,,,22,,,,,,,,,,88.0,,,8.0,8.0,,,,,,,,,,8.0,,,36.0,,4.0,,,,,,,,,,,32.0,,4.0,8.0,,,,,,
_250m_16_days_VI_Quality_2023057_aid0001,aid0001,2023-02-26 00:00:00+00:00,,520,,68.0,,,,520.0,,,,,,154453.0,,5500.0,,,,53841.0,,308.0,,,,,,,,,,20.0,,,,,,727,,172.0,,,,,432.0,,116.0,,,,8,,,,,,,,,,,,44.0,88.0,,,,,,,,,,,,,,,20.0,36.0,,,,245,,92,,,,17898,,10475.0,,,,16.0,,784,,443.0,,,,,4,8.0,,,26.0,786.0,,,,28.0,137.0,,,,12,,4.0,,,,1350.0,,2940.0,40.0,,,2.0,,32.0,,12.0,,,,,,,,,,348.0,,,,,,,,,,,,,,,,,,,,,,,,16.0,,,,,,4.0,,,,,,,,,,,40.0,,,,,,104.0,,,,,,,4.0,,,,,,,,,,,,,,,,,,,,,,,,,,,,,,,,,,,,8.0,,44.0,,,,,32,,32.0,,,,,,,,,,,,,,,,,,,,,,,,,20.0,,,,,,,,,,,4.0,3.0,,,8.0,,,,,,,
_250m_16_days_VI_Quality_2023073_aid0001,aid0001,2023-03-14 00:00:00+00:00,,610,,68.0,,,,17968.0,,,,,,125392.0,,45514.0,,,,17598.0,,7010.0,48.0,,,,,,,,,21.0,,,,,,1058,,320.0,,,,,1348.0,4.0,146.0,28.0,,,100,36.0,,,,,,,,,,,100.0,288.0,,,,,,,,,,,4.0,,,,281.0,36.0,,,,460,,320,,,,11624,,11832.0,300.0,,,,,1476,,670.0,98.0,,,,222,72.0,,,272.0,1588.0,,,,60.0,286.0,,,44.0,113,,44.0,,,,1267.0,,236.0,152.0,,,,,549.0,,166.0,69.0,,,,48.0,28.0,,,124.0,715.0,,,96.0,212.0,,,,,,,,,,,,,,,,,,,,,,,,,,8.0,,8.0,,,,,,,,,,,,,,,52.0,,72.0,,,,,135.0,,16.0,36.0,,,,,,,,,,,,,,,,,,,,,3.0,,,,32.0,36.0,,,,,,,32.0,,220.0,44.0,,,,120,,28.0,28.0,,,,,,,68.0,,,56.0,52.0,,,,,,,,,,199.0,127.0,,59.0,,32.0,34.0,,,,,,,,,,133.0,,44.0,79.0,,,,,,
_250m_16_days_VI_Quality_2023089_aid0001,aid0001,2023-03-30 00:00:00+00:00,,698,,172.0,,,,61216.0,,16.0,,,,157959.0,,1900.0,,,,92.0,,43.0,,,,48.0,,,,,,1004.0,,12.0,,,,1120,,268.0,,,,,4.0,,64.0,,,,14,40.0,,,,,,,,,,,,,,,,,,,,,,,,8.0,,,,18.0,,,,668,,176,,,6.0,13107,,7246.0,,,,,,866,,510.0,,,,6.0,4,168.0,,,,77.0,,,,,20.0,,,76.0,327,246.0,66.0,,,32.0,855.0,,2173.0,,,,2.0,,223.0,,45.0,,,,15.0,4.0,120.0,,,,24.0,,,,32.0,,,,,,,,,,,,,,,,,,,,,,4.0,,,,16.0,,16.0,,,,,,,,,24.0,,,,,,60.0,,36.0,,,,,32.0,,16.0,,,,,,,,,,,,,,,,,,,,,,,,,,24.0,,,,,,,,32.0,,256.0,,,,,87,,112.0,,,,8.0,,,,16.0,,,,16.0,,,,,28.0,,,6.0,,92.0,,,69.0,,13.0,,,,21.0,,,,,,,76.0,,,24.0,,,,,,
_250m_16_days_VI_Quality_2023105_aid0001,aid0001,2023-04-15 00:00:00+00:00,,420,,596.0,,,,467.0,,868.0,,,,122492.0,,70801.0,,,,19082.0,,1949.0,,,,,,,,,,16.0,,208.0,,,,1776,,1328.0,,,,,308.0,,68.0,,,,36,48.0,,,,,,,,140.0,,,20.0,,,,,,,,,,,,76.0,48.0,,,24.0,12.0,,,,708,,616,,,,7751,,14063.0,,,,,,1365,4.0,1287.0,,,,,36,52.0,,,,368.0,,,,4.0,204.0,,,42.0,281,272.0,263.0,,,,663.0,,1150.0,8.0,,,1.0,,325.0,16.0,204.0,,,,,31.0,165.0,,,,140.0,,,12.0,32.0,,,,,,,,,,,,,,,,,,,,,,,,,,8.0,,8.0,,,,,,,,,,,,,,,42.0,,80.0,,,,,80.0,,32.0,,,,,,,,,,,,,,,,,,,,,,,8.0,,,,12.0,,,,,,,24.0,,260.0,16.0,,,,79,,276.0,,,,,,,,92.0,,,8.0,4.0,,,8.0,,,,1.0,17.0,,700.0,,,62.0,,91.0,,,,,,,,,,,60.0,,8.0,52.0,,,,,,
_250m_16_days_VI_Quality_2023121_aid0001,aid0001,2023-05-01 00:00:00+00:00,1172.0,637,336.0,670.0,,,,156703.0,,32480.0,,,1.0,10421.0,,15864.0,,,,656.0,,399.0,4.0,,,636.0,,16.0,,,,1051.0,,296.0,,,1.0,594,4.0,484.0,,,,,96.0,,8.0,,,,28,56.0,,,,,,,,,,,,,,,,,,,,,,,,16.0,,,8.0,,,,128.0,932,50.0,918,,,,11138,,6898.0,,,,,,1992,,1077.0,4.0,,,8.0,83,16.0,,,,,,,,8.0,,,,28.0,582,20.0,665.0,,,11.0,422.0,,833.0,,,,1.0,,814.0,,573.0,,,,1.0,72.0,4.0,,,,4.0,,,,,,,,,,,,,,,,,,,,4.0,,,,44.0,,,,,,182.0,,12.0,,,,,,,,,4.0,,4.0,,,,433.0,,56.0,,,,,232.0,,12.0,,,,,,,,,,4.0,,12.0,4.0,,,,,,,,,12.0,,,,,4.0,,,,,,,197.0,,531.0,,,,,302,8.0,268.0,,,,,,,10.0,,,,14.0,4.0,,,,,,,,64.0,,100.0,,,201.0,34.0,186.0,,,,5.0,,,,,,,,,12.0,,,,,,,
_250m_16_days_VI_Quality_2023137_aid0001,aid0001,2023-05-17 00:00:00+00:00,112.0,807,244.0,160.0,,,2.0,174529.0,,20007.0,,,,7649.0,,6067.0,,,,1176.0,,2902.0,86.0,,,474.0,,216.0,,,2.0,4961.0,,677.0,,,,1989,20.0,372.0,,,,,44.0,4.0,148.0,,,,80,12.0,,,,,,,72.0,583.0,,,32.0,520.0,,,,,,,,,,,88.0,56.0,,,20.0,36.0,,,16.0,1265,,375,,,61.0,4427,20.0,10457.0,,,,79.0,,1934,8.0,1033.0,,,,172.0,143,110.0,,,20.0,1118.0,,,,28.0,152.0,,,,811,6.0,127.0,,,189.0,358.0,,904.0,,,,57.0,,582.0,36.0,413.0,,,,146.0,120.0,85.0,,,8.0,18.0,,,64.0,60.0,,,,,,,,,,,4.0,,,68.0,,20.0,,,,76.0,,172.0,,,,8.0,,84.0,,,12.0,,4.0,,,,207.0,,28.0,,,,606.0,,128.0,,,,,15.0,4.0,28.0,,,,,,,,,,,69.0,,11.0,,,,,4.0,,,,48.0,20.0,,,20.0,12.0,,,,,,,44.0,,276.0,8.0,,,,270,4.0,126.0,,,,33.0,,,4.0,104.0,,,45.0,78.0,,,,12.0,,,,,13.0,76.0,,,237.0,14.0,105.0,,,,28.0,,,,,,,8.0,,80.0,112.0,,,,,,
_250m_16_days_VI_Quality_2023153_aid0001,aid0001,2023-06-02 00:00:00+00:00,108.0,1408,,329.0,,,,94016.0,,194.0,,,,63428.0,1.0,25233.0,,,,7091.0,165.0,7052.0,4.0,,,88.0,,,,,,2291.0,,18.0,40.0,,,3005,8.0,400.0,149.0,,,,676.0,100.0,228.0,433.0,,,170,220.0,,,,,,,1438.0,835.0,,,1724.0,9907.0,,,,,,,,,,,364.0,24.0,,,852.0,280.0,,,,2709,,256,,,1.0,5973,28.0,5788.0,8.0,,,,,2063,36.0,560.0,8.0,,,3.0,246,271.0,,,,2267.0,,,,,518.0,,,,1628,100.0,199.0,,,4.0,231.0,,,,,,,,582.0,12.0,12.0,,,,12.0,201.0,108.0,,,,56.0,,,,184.0,,,,,,,,,60.0,,,,,56.0,,,,,,40.0,,4.0,,,,108.0,,60.0,,,52.0,,,,,,307.0,,4.0,64.0,,,524.0,20.0,64.0,479.0,,,,343.0,28.0,104.0,262.0,,,,,,,,,32.0,,96.0,40.0,,,,,,,,,148.0,4.0,,,213.0,324.0,,,,,,,40.0,,459.0,,,,,296,,276.0,,,,,,,,376.0,,,,277.0,,,16.0,,,,,28.0,,228.0,,,532.0,,34.0,,,,7.0,,,,,104.0,,128.0,,12.0,282.0,,,,,,
_250m_16_days_VI_Quality_2023169_aid0001,aid0001,2023-06-18 00:00:00+00:00,49.0,42594,81.0,21270.0,,,17.0,204.0,424.0,496.0,172.0,,16.0,84.0,964.0,394.0,369.0,,,,20.0,,,,,48.0,52.0,,32.0,,,958.0,4436.0,792.0,240.0,,12.0,402,18190.0,1641.0,5938.0,,,,264.0,3023.0,157.0,2232.0,,1.0,13600,8940.0,,2.0,3118.0,1360.0,,,3272.0,1625.0,,,4158.0,,,,312.0,4.0,,2.0,10485.0,976.0,,1.0,9909.0,13142.0,,1.0,6483.0,2218.0,,,111.0,4087,64.0,2628,,,107.0,3335,,1120.0,,,,195.0,,2333,139.0,1087.0,20.0,,,158.0,1085,850.0,,13.0,631.0,161.0,,14.0,,488.0,100.0,,2.0,57.0,1311,,742.0,,,176.0,378.0,,36.0,,,,54.0,,353.0,,261.0,,,,55.0,195.0,35.0,,22.0,,,,,,,,,,,,,,,14.0,,,,6.0,26.0,108.0,92.0,,,2.0,16.0,76.0,348.0,42.0,,,64.0,,74.0,,,49.0,60.0,4.0,23.0,,3.0,80.0,643.0,196.0,120.0,,4.0,266.0,1848.0,2728.0,1775.0,,,,523.0,2283.0,591.0,2645.0,,,,,,136.0,276.0,,248.0,508.0,460.0,88.0,,12.0,,,822.0,376.0,,2.0,3451.0,9847.0,,,6433.0,3902.0,,1.0,,,,,154.0,,219.0,,,14.0,,881,141.0,1036.0,,,,69.0,,,132.0,,,,198.0,142.0,,,38.0,,,,18.0,51.0,,36.0,,9.0,396.0,,267.0,,,,85.0,,,,,,,,,,3.0,,5.0,,,,
_250m_16_days_VI_Quality_2023185_aid0001,aid0001,2023-07-04 00:00:00+00:00,32.0,32403,,31741.0,,,12.0,5576.0,24.0,,56.0,,,3974.0,832.0,,1716.0,,8.0,72.0,780.0,,772.0,,,48.0,74.0,24.0,614.0,,4.0,3370.0,24.0,,180.0,,5.0,3760,4631.0,36.0,5235.0,,,8.0,174.0,5421.0,27.0,8502.0,,,15088,2432.0,,2.0,2627.0,,,,11593.0,408.0,,1.0,2372.0,569.0,,,20.0,60.0,,,3529.0,,,,16645.0,789.0,,,5246.0,977.0,,,,6210,,2526,,,70.0,2384,,16.0,,,,33.0,,1471,60.0,339.0,24.0,,,39.0,1569,1670.0,,42.0,323.0,,,,,44.0,62.0,,2.0,,1885,,794.0,,,157.0,48.0,,,,,,,,79.0,,,,,,5.0,882.0,762.0,,94.0,,,,,,,,,14.0,,24.0,,1.0,4.0,,,,36.0,,1156.0,,,,,1.0,607.0,312.0,,228.0,,9.0,56.0,300.0,312.0,668.0,,48.0,180.0,84.0,556.0,,,2532.0,,80.0,168.0,,8.0,2262.0,2331.0,199.0,3103.0,,,9.0,787.0,4715.0,289.0,8093.0,,,,,40.0,206.0,,,1697.0,100.0,1188.0,1048.0,,20.0,149.0,,1559.0,24.0,,,11778.0,928.0,,,6517.0,2080.0,,1.0,,,,,376.0,,,,,17.0,,998,12.0,175.0,74.0,,,7.0,,,4.0,,,,152.0,168.0,,,,,,,,,,,,,97.0,,72.0,,,,43.0,,,,,,,,,,28.0,,,,3.0,19.0,39.0
_250m_16_days_VI_Quality_2023201_aid0001,aid0001,2023-07-20 00:00:00+00:00,154.0,18064,,40130.0,,,42.0,402.0,589.0,,7290.0,,2.0,124.0,216.0,112.0,8478.0,,,20.0,,,620.0,,,29.0,327.0,71.0,444.0,,6.0,417.0,1016.0,129.0,7148.0,,1.0,546,4187.0,387.0,24950.0,,,2.0,,2346.0,32.0,10307.0,,,9786,1193.0,,2.0,6468.0,,,1.0,2117.0,1568.0,,,496.0,304.0,,,383.0,22.0,,1.0,6779.0,43.0,,5.0,12497.0,1123.0,,,2001.0,363.0,,,79.0,3262,,3741,,,125.0,2454,20.0,1260.0,135.0,,,276.0,,1014,28.0,827.0,258.0,,,73.0,920,1346.0,,29.0,958.0,600.0,,31.0,,348.0,248.0,,10.0,452.0,1316,,755.0,,,391.0,587.0,,6.0,,,,49.0,,185.0,,4.0,,,,27.0,318.0,240.0,,4.0,140.0,,,7.0,80.0,29.0,,3.0,,,,,,,,,,88.0,,,,,206.0,,,180.0,100.0,236.0,1893.0,,,,88.0,48.0,439.0,,4.0,24.0,,372.0,,,221.0,72.0,44.0,1844.0,,4.0,760.0,2046.0,484.0,15051.0,,,12.0,103.0,1381.0,73.0,9848.0,,,,,205.0,480.0,,,800.0,1189.0,212.0,2032.0,,68.0,271.0,,1494.0,128.0,,,7245.0,1305.0,,5.0,1622.0,1451.0,,,,,,,72.0,,156.0,66.0,,,,344,,434.0,379.0,,,44.0,,,,109.0,,4.0,181.0,433.0,,13.0,,,,,,,,,,,22.0,,24.0,52.0,,,6.0,,,,,,15.0,,1.0,,11.0,,5.0,,,,
_250m_16_days_VI_Quality_2023217_aid0001,aid0001,2023-08-05 00:00:00+00:00,,49729,,40319.0,,,2.0,100.0,32.0,41.0,16.0,,3.0,746.0,684.0,,188.0,,,304.0,565.0,,513.0,,,,330.0,20.0,514.0,,,64.0,,,64.0,,,652,4307.0,55.0,1232.0,,,19.0,132.0,8094.0,79.0,9021.0,,,16171,3121.0,,1.0,4189.0,1008.0,,,8445.0,1730.0,,,3252.0,924.0,,,24.0,16.0,,,5001.0,631.0,,3.0,23892.0,3078.0,,1.0,9590.0,1712.0,,,,5003,,4841,,,6.0,358,80.0,2822.0,20.0,,,230.0,,1407,28.0,1113.0,95.0,,,86.0,1441,1137.0,,2.0,220.0,1465.0,,12.0,,233.0,581.0,,1.0,,664,963.0,448.0,,,138.0,,,768.0,,,,32.0,,25.0,,602.0,,,,19.0,590.0,102.0,,,,,,,,30.0,,,,,,,,,,8.0,,,,5.0,,,,,,68.0,12.0,,,,,184.0,194.0,,87.0,,,284.0,12.0,1120.0,,1.0,,,,,,,274.0,283.0,80.0,522.0,,,,144.0,5246.0,116.0,7711.0,,,,,,42.0,4.0,,136.0,,1301.0,132.0,,24.0,100.0,,330.0,,,,1814.0,388.0,,,3750.0,814.0,,,,,,,,,28.0,,,,,92,60.0,174.0,191.0,,,8.0,,,,176.0,,,84.0,235.0,,,,,11.0,,13.0,40.0,,87.0,,13.0,18.0,,240.0,,,,6.0,,,,,,,,,,32.0,,,,,,
_250m_16_days_VI_Quality_2023233_aid0001,aid0001,2023-08-21 00:00:00+00:00,,25716,,6901.0,,,,16.0,16.0,,,,,10071.0,36.0,840.0,,,,10958.0,,59717.0,53.0,,,,24.0,,5.0,,,16.0,46.0,,,,,11891,719.0,347.0,,,,,14550.0,190.0,11334.0,1229.0,,4.0,8715,4815.0,,,276.0,,,,572.0,,,,1092.0,5457.0,,,,,,,284.0,,,,1110.0,129.0,,,4202.0,7636.0,,,,5987,,2149,,,,961,,5950.0,,,,3.0,,1000,,1332.0,23.0,,,9.0,838,608.0,,,281.0,293.0,,2.0,,414.0,276.0,,9.0,,3417,,40.0,,,3.0,14.0,,98.0,,,,,,29.0,,40.0,,,,,464.0,44.0,,,,,,,48.0,44.0,,,,,,,,,,,,,,56.0,,,,,,386.0,236.0,1.0,,,,1621.0,20.0,2287.0,28.0,,,156.0,,40.0,,,100.0,194.0,,,,,4953.0,700.0,9.0,,,,,11912.0,486.0,2736.0,808.0,,,,,,176.0,,,148.0,,,1547.0,,,112.0,,506.0,,,,1122.0,1.0,,,2836.0,2627.0,,,,,,,294.0,,600.0,,,,,753,,978.0,49.0,,,,,,26.0,123.0,,,360.0,254.0,,,,,,,,,,116.0,,,99.0,,48.0,,,,,,3.0,,,,,,,4.0,20.0,,,,,,
_250m_16_days_VI_Quality_2023249_aid0001,aid0001,2023-09-06 00:00:00+00:00,,12701,112.0,7874.0,,,10.0,7483.0,,13395.0,,,7.0,33722.0,80.0,2397.0,196.0,,5.0,644.0,4.0,382.0,,,,20.0,12.0,112.0,73.0,,,4268.0,40.0,8660.0,174.0,,12.0,62040,384.0,6222.0,3395.0,,,14.0,2875.0,378.0,610.0,328.0,,,5276,2284.0,,3.0,,288.0,,,1404.0,417.0,,,101.0,56.0,,,32.0,72.0,,,180.0,1446.0,,4.0,6002.0,1718.0,,,2082.0,361.0,,,,3216,200.0,1743,,,155.0,1845,,2229.0,,,,249.0,,2269,20.0,1305.0,44.0,,,233.0,744,462.0,,12.0,8.0,481.0,,12.0,,62.0,76.0,,2.0,,720,247.0,300.0,,,319.0,222.0,,693.0,,,,130.0,,569.0,,91.0,,,,121.0,207.0,155.0,,25.0,,52.0,,6.0,31.0,9.0,,13.0,,,,,,,8.0,,,,,2013.0,4.0,64.0,,,,4341.0,52.0,443.0,20.0,,,243.0,,108.0,,,43.0,35.0,114.0,57.0,,,1427.0,87.0,464.0,108.0,,8.0,18266.0,559.0,1661.0,738.0,,,7.0,1109.0,244.0,638.0,210.0,,,,15.0,,24.0,4.0,,383.0,76.0,115.0,,,75.0,97.0,,85.0,137.0,,3.0,2416.0,399.0,,,963.0,433.0,,,,,,,1599.0,,122.0,,,3.0,,1116,7.0,588.0,45.0,,,95.0,,,,52.0,,,197.0,266.0,,3.0,,,48.0,,28.0,32.0,,21.0,,3.0,480.0,,78.0,,,,62.0,,,,,,,24.0,8.0,,32.0,,1.0,,,16.0,20.0
_250m_16_days_VI_Quality_2023265_aid0001,aid0001,2023-09-22 00:00:00+00:00,,34710,56.0,20055.0,,,6.0,440.0,,91.0,,,,7991.0,,7779.0,,,,1477.0,,2995.0,,,,24.0,301.0,35.0,301.0,,,1079.0,,103.0,,,,13639,198.0,7282.0,105.0,,,1.0,14233.0,1723.0,2730.0,2949.0,,,17938,8194.0,,,,,,,181.0,2638.0,,,432.0,13282.0,,,385.0,420.0,,,,,,,1814.0,3336.0,,,10002.0,10584.0,,,,5313,276.0,3172,,,10.0,184,,3280.0,40.0,,,10.0,,441,48.0,2825.0,32.0,,,15.0,967,674.0,,9.0,,798.0,,,,49.0,534.0,,,,1293,,388.0,,,2.0,,,603.0,,,,4.0,,,,386.0,,,,2.0,72.0,63.0,,,,284.0,,,,175.0,,,,,,,,,,,312.0,16.0,,62.0,,,,,,645.0,28.0,88.0,60.0,,,167.0,8.0,848.0,4.0,,18.0,549.0,442.0,583.0,,,682.0,,205.0,,,,7300.0,264.0,662.0,32.0,,,7.0,4143.0,2378.0,2543.0,1413.0,,,,25.0,103.0,8.0,,,84.0,30.0,260.0,773.0,,705.0,594.0,,16.0,24.0,,,2185.0,552.0,,,4864.0,3499.0,,2.0,,,,,175.0,,195.0,,,13.0,,1035,24.0,859.0,44.0,,,9.0,,28.0,,59.0,,1.0,64.0,282.0,,3.0,185.0,,,,,371.0,,52.0,,,184.0,,284.0,,,,,,,,,,,20.0,,,341.0,,5.0,,,,
_250m_16_days_VI_Quality_2023281_aid0001,aid0001,2023-10-08 00:00:00+00:00,224.0,134,532.0,7.0,,,,44350.0,,14900.0,,,5.0,129025.0,,7631.0,,,,8363.0,,,20.0,,,44.0,,,,,,120.0,,,,,,1856,,16.0,,,,,4601.0,17.0,,51.0,,,182,365.0,,,76.0,4284.0,,,,4374.0,,,793.0,4.0,,,,16.0,,,,,,,104.0,8.0,,,1361.0,32.0,,,68.0,187,476.0,8,,,,11652,,2905.0,,,,18.0,,562,8.0,32.0,36.0,,,2.0,228,270.0,,,529.0,867.0,,2.0,,167.0,12.0,,4.0,,485,,,,,1.0,826.0,,752.0,,,,,,411.0,,93.0,,,,3.0,138.0,,,,24.0,1146.0,,,16.0,84.0,,,,,,,,,,,,,,,,,,,,192.0,,,,,,792.0,,8.0,8.0,,,,,,,,16.0,,,,,,980.0,,,,,,,2569.0,,8.0,63.0,,,,,,,,,,,247.0,,,,,,,,,,38.0,,,,687.0,28.0,,,,,,,239.0,,,,,1.0,,439,4.0,2.0,20.0,,,1.0,,,4.0,,,,228.0,34.0,,,,,,,,228.0,,,,,443.0,,16.0,,,,3.0,,,,,,12.0,,,44.0,13.0,,,,,,
_250m_16_days_VI_Quality_2023297_aid0001,aid0001,2023-10-24 00:00:00+00:00,296.0,24,1208.0,12.0,,,,68741.0,,11679.0,,,,128239.0,,9525.0,,,,754.0,,8.0,,,,,,12.0,,,,94.0,,8.0,,,,332,,64.0,,,,,20.0,,,,,,12,8.0,,,96.0,64.0,,,376.0,339.0,,,,,,,,,,,20.0,,,,36.0,,,,,8.0,,,120.0,410,128.0,73,,,47.0,12593,,8821.0,,,,17.0,,609,,233.0,,,,28.0,179,78.0,,10.0,180.0,934.0,,,,116.0,72.0,,12.0,11.0,483,28.0,237.0,,,91.0,355.0,,492.0,,,,8.0,,243.0,,73.0,12.0,,,60.0,171.0,160.0,,17.0,,716.0,,1.0,36.0,165.0,,,,,,,,,,,,,,46.0,,12.0,,,,52.0,,20.0,,,,135.0,,,,,,,8.0,,,,92.0,,4.0,,,,282.0,,40.0,,,,,13.0,,4.0,,,,,,,,,,,,,,,,,,4.0,,,,,,,,,,,,,,,,142.0,,316.0,,,15.0,,409,,37.0,,,,58.0,,,8.0,104.0,,,81.0,28.0,,13.0,46.0,,,,13.0,23.0,,60.0,,,522.0,,42.0,,,,109.0,,,,,,,56.0,,41.0,38.0,,7.0,,,,
_250m_16_days_VI_Quality_2023313_aid0001,aid0001,2023-11-09 00:00:00+00:00,366.0,264,116.0,156.0,,,,198746.0,,5362.0,12.0,,,19450.0,,541.0,,,,48.0,,88.0,,,,441.0,,28.0,,,,745.0,,25.0,,,,651,,39.0,,,,,18.0,,4.0,,,,32,256.0,,,92.0,56.0,,,316.0,93.0,,,8.0,,,,28.0,12.0,,,40.0,,,,88.0,20.0,,,4.0,,,,286.0,1367,120.0,215,,,118.0,8294,,2070.0,28.0,,,3.0,,2642,,210.0,,,,44.0,527,562.0,,43.0,173.0,647.0,,5.0,,280.0,231.0,,3.0,,1306,,232.0,,,285.0,283.0,,152.0,,,,1.0,,499.0,4.0,59.0,,,,25.0,199.0,399.0,,61.0,,281.0,,3.0,8.0,94.0,,16.0,,,,,,,28.0,,8.0,,,92.0,,28.0,,,,44.0,,,,,,,,,,,72.0,,4.0,,,,175.0,,12.0,,,1.0,201.0,,4.0,,,,,4.0,,,,,,,,12.0,,4.0,,4.0,,,,,,,,,,,,,4.0,,,,,,,16.0,,,,315.0,,52.0,,,,,713,,40.0,,,,61.0,,4.0,,116.0,,3.0,126.0,111.0,,11.0,,,,,,19.0,,,,1.0,348.0,,57.0,,,,54.0,,,,,,,44.0,,11.0,152.0,,3.0,,,,
_250m_16_days_VI_Quality_2023329_aid0001,aid0001,2023-11-25 00:00:00+00:00,934.0,949,160.0,104.0,,,1.0,197773.0,,56.0,,,,24666.0,32.0,680.0,,,,40.0,,44.0,20.0,,,352.0,,32.0,,,,1881.0,,,,,,218,,56.0,8.0,,,,12.0,,72.0,36.0,,,399,28.0,,,432.0,,,,248.0,,,,52.0,,,,96.0,,,,20.0,,,,24.0,4.0,,,6.0,,,,444.0,2210,,341,,,144.0,5661,,228.0,,,,,2390.0,2952,,231.0,,,,28.0,1548,150.0,,76.0,36.0,,,,44.0,236.0,8.0,,,,1538,,400.0,,,255.0,181.0,,20.0,,,,,,767.0,,26.0,4.0,,,24.0,863.0,99.0,,81.0,,,,,78.0,19.0,,2.0,,,,,,,16.0,,,,,124.0,,,,,,,,,,,,,,4.0,8.0,,68.0,,,,,,315.0,,,,,,28.0,,12.0,,,,,,,28.0,13.0,,,,12.0,,,,,,,,,,4.0,,,24.0,,,,,4.0,,,4.0,4.0,,,,,,,150.0,,255.0,,,,36.0,536,,23.0,,,,35.0,,,,,,,115.0,4.0,,5.0,,,,,,,,32.0,,,312.0,8.0,4.0,8.0,,,37.0,,,,,,,,,106.0,7.0,,14.0,,,,
_250m_16_days_VI_Quality_2023345_aid0001,aid0001,2023-12-11 00:00:00+00:00,488.0,684,12.0,52.0,,4.0,,139398.0,,64.0,4.0,,,81248.0,,748.0,,,,320.0,,360.0,110.0,,,192.0,,4.0,,,,1964.0,,4.0,,,,1442,,64.0,,,,,48.0,,24.0,,,,276,32.0,,,70.0,,,,256.0,52.0,,,317.0,130.0,,,32.0,,,,20.0,,,,8.0,,,,4.0,,,,48.0,1635,,189,,,90.0,8663,68.0,1360.0,368.0,,,2.0,,3245,61.0,260.0,72.0,,,24.0,922,40.0,,33.0,378.0,72.0,33.0,,,372.0,60.0,4.0,1.0,,1024,,56.0,,3.0,378.0,530.0,,72.0,88.0,,,6.0,,727.0,,36.0,48.0,,,8.0,724.0,32.0,,60.0,132.0,152.0,,,52.0,12.0,,,,,,,,,4.0,,24.0,,,88.0,,,,,,12.0,,,,,,,,,,,32.0,,,4.0,,,244.0,,,,,,351.0,4.0,,,,,1.0,,,,,,,,,,,,,,,,,,28.0,4.0,,,,,,,,,,4.0,,,,,,,,288.0,,28.0,,,,,432,,32.0,60.0,,,32.0,4.0,,16.0,,13.0,,80.0,8.0,,4.0,,,,,,68.0,,16.0,4.0,,250.0,,32.0,,,,39.0,,,,,,,24.0,,69.0,4.0,,,,,,
_250m_16_days_VI_Quality_2023361_aid0001,aid0001,2023-12-27 00:00:00+00:00,592.0,628,,44.0,,,,92478.0,,,,,,124543.0,,80.0,,,,1168.0,,1078.0,,,,96.0,,,,,,653.0,,,,,,2918,,,,,,,180.0,,88.0,,,,92,52.0,,,100.0,,,,149.0,,,,,44.0,,,,,,,4.0,,,,48.0,8.0,,,24.0,20.0,,,16.0,1111,,226,,,34.0,11788,12.0,4152.0,236.0,,,5.0,,2356,8.0,336.0,76.0,,,5.0,364,94.0,,4.0,582.0,428.0,,,,244.0,167.0,,,,1033,,158.0,,,167.0,486.0,,280.0,56.0,,,,,668.0,8.0,143.0,28.0,,,23.0,338.0,156.0,,20.0,36.0,260.0,,,59.0,120.0,,1.0,,,,,,,,,,,,,,,,,,80.0,,,,,,,,,,,12.0,,,,,,44.0,,,,,,72.0,,,,,,,,,,,,,,,,,,,,,,,,,,,,,,,4.0,,,,,,,,,,,,92.0,,90.0,40.0,,10.0,,268,4.0,60.0,28.0,,,22.0,,,,52.0,,,34.0,76.0,,4.0,,,,60.0,,8.0,,52.0,,,175.0,8.0,52.0,4.0,,,17.0,,,,,,20.0,17.0,,45.0,52.0,,1.0,,,,
_250m_16_days_VI_Quality_2024009_aid0001,aid0001,2024-01-09 00:00:00+00:00,,1511,,20.0,,,,,,,,,,7664.0,,,,,,122946.0,725.0,5318.0,6521.0,,,,,,,,,,,,,,,620,,,,,,,3626.0,52.0,66.0,2910.0,,,2395,16.0,,,,,,,1306.0,,,,53665.0,7415.0,,,,,,,,,,,728.0,,,,2521.0,718.0,,,,900,,770,,,,8046,,664.0,1702.0,,,,,2028,76.0,88.0,784.0,,,1.0,1009,279.0,,,2591.0,3080.0,,,,1354.0,342.0,,,24.0,977,,738.0,,,,274.0,,,,,,,,517.0,24.0,24.0,106.0,,,2.0,749.0,188.0,,,80.0,4.0,,,217.0,14.0,,,,,,,,,,,,,,,,,,,,,,,,,,240.0,,,40.0,,,,,,,,,,,,,,,,,,,,,948.0,80.0,,212.0,,,,,,,,,,,154.0,36.0,,,,,,,,,,,,,454.0,100.0,,,,,,,270.0,,,100.0,,5.0,,397,,16.0,461.0,,,1.0,,,,72.0,,,160.0,16.0,,1.0,,,,,,27.0,,,104.0,,235.0,88.0,4.0,112.0,,,,,,,,,,,,130.0,16.0,,,,,,
_250m_16_days_VI_Quality_2024025_aid0001,aid0001,2024-01-25 00:00:00+00:00,,830,,452.0,,,,40.0,,60.0,,,,22851.0,,25988.0,,,,71241.0,6797.0,17232.0,3138.0,,,,8.0,,,,,,,,,,,876,,1944.0,,,,,1909.0,334.0,860.0,176.0,,,364,280.0,,,,,,,1713.0,875.0,,,24534.0,29857.0,,,,,,,,,,,124.0,208.0,,,844.0,444.0,,,,394,,251,,,,5263,593.0,5040.0,1154.0,,,,,648,214.0,1370.0,444.0,,,,481,446.0,,,2826.0,8120.0,,,,950.0,1018.0,,,,150,4.0,84.0,,,3.0,391.0,4.0,1409.0,147.0,,,,,119.0,8.0,160.0,42.0,,,1.0,258.0,232.0,,,232.0,693.0,,,142.0,213.0,,1.0,,,,,,,,,,,,,,,,,,28.0,,72.0,,,,332.0,24.0,,,,,,,,,,,,36.0,,,,263.0,,584.0,,,,,1855.0,104.0,192.0,24.0,,,,,,,,,,,48.0,32.0,,,,,,,,,92.0,80.0,,,388.0,48.0,,,,,,,,4.0,256.0,40.0,,,,76,24.0,92.0,92.0,,,,,,4.0,32.0,,,82.0,200.0,,,,,,,,,,100.0,4.0,,24.0,,40.0,20.0,,,,,,,,,,,,55.0,43.0,,,,,,
_250m_16_days_VI_Quality_2024041_aid0001,aid0001,2024-02-10 00:00:00+00:00,,696,,,,,,22594.0,,,,,,198804.0,,,,,,1683.0,8.0,84.0,,,,,,,,,,428.0,,,,,,2372,,,,,,,360.0,,36.0,40.0,,,48,8.0,,,,,,,4.0,,,,108.0,32.0,,,,,,,,,,,72.0,,,,84.0,20.0,,,,1488,,80,,,8.0,12456,4.0,1055.0,72.0,,,,,2503,12.0,150.0,40.0,,,4.0,305,134.0,,,316.0,442.0,,,,207.0,148.0,,1.0,,1468,44.0,76.0,,,8.0,532.0,,153.0,,,,,,1120.0,,159.0,,,,7.0,285.0,124.0,,1.0,40.0,68.0,,,96.0,147.0,,2.0,,,,,,,,,,,,16.0,,,,,,84.0,,,,,,84.0,,,,,,,,,,,132.0,,,,,,384.0,,,,,,,78.0,,,,,,,,,,,,,,32.0,,,,,,,,,,,,,,16.0,,,,,,,,36.0,,,,,,,214,20.0,,,,,1.0,,,36.0,,,,84.0,8.0,,,,,,,,,,,,,285.0,,8.0,,,,,,,,,,40.0,,,56.0,24.0,,,,,,
_250m_16_days_VI_Quality_2024057_aid0001,aid0001,2024-02-26 00:00:00+00:00,,120,,28.0,,,,15760.0,,168.0,,,,202612.0,,292.0,,,,370.0,,304.0,,,,,,,,,,220.0,,12.0,,,,740,,116.0,,,,,92.0,,76.0,,,,4,40.0,,,,,,,,,,,,,,,,,,,,,,,,24.0,,,,,,,,398,,51,,,6.0,16806,,8073.0,12.0,,,,,853,,139.0,4.0,,,,4,12.0,,,4.0,132.0,,,,12.0,36.0,,,42.0,611,,85.0,,,28.0,1469.0,,1817.0,20.0,,,1.0,,293.0,,105.0,,,,10.0,,49.0,,,,92.0,,,,38.0,,,,,,,,,,,,,,16.0,,,,,,12.0,,,,,,,,,,,,,,,,,36.0,,,,,,36.0,,20.0,,,,,12.0,,12.0,,,,,,,,,,,,,,,,,,,,,,,,,,,,,,,,,,16.0,,72.0,,,,,61,,14.0,4.0,,,7.0,,,,32.0,,,,16.0,,,,,,,,,,84.0,20.0,,76.0,,19.0,8.0,,,3.0,,,,,,,112.0,,3.0,,,,,,,
_250m_16_days_VI_Quality_2024073_aid0001,aid0001,2024-03-13 00:00:00+00:00,,244,,29.0,,,,24604.0,,,,,,199847.0,,284.0,,,,336.0,,172.0,,,,,,,,,,278.0,,,,,,1217,,94.0,,,,,60.0,,20.0,8.0,,,37,4.0,,,,,,,8.0,,,,,36.0,,,,,,,,,,,,,,,,,,,,675,,132,,,,12261,,4426.0,57.0,,,,,1275,,395.0,,,,,86,80.0,,,,85.0,,,,4.0,68.0,,,,1062,24.0,247.0,,,,415.0,,1957.0,,,,,,227.0,,214.0,16.0,,,,38.0,134.0,,,,,,,,144.0,,,,,,,,,,,,,,,,,,,,64.0,,,,,,28.0,,56.0,,,,,,,,,,,,,,,400.0,,12.0,,,,,76.0,,28.0,,,,,,,,,,,,,,,,,,,,,,,,,,12.0,,,,,,,,192.0,,,,,,,244,,48.0,,,,,,,,,,,,88.0,,,,,,,,,,24.0,,,171.0,,56.0,59.0,,,,,,,,,,,,,16.0,,,,,,
_250m_16_days_VI_Quality_2024089_aid0001,aid0001,2024-03-29 00:00:00+00:00,,532,,52.0,,,,89237.0,,32.0,,,,125505.0,,2124.0,,,,6025.0,,508.0,,,,12.0,,,,,,824.0,,52.0,,,,588,,128.0,,,,,228.0,,80.0,,,,16,36.0,,,,,,,,,,,,,,,,,,,,,,,,,,,,4.0,,,,479,,112,,,,11898,,7360.0,,,,,,740,,352.0,,,,,24,16.0,,,,,,,,36.0,49.0,,,,365,151.0,121.0,,,,777.0,,2096.0,,,,,,162.0,,235.0,,,,,16.0,22.0,,,,20.0,,,4.0,36.0,,,,,,,,,,,,,,,,,,,,16.0,,,,,,4.0,,44.0,,,,,,,,,72.0,,,,,,40.0,,,,,,,4.0,,20.0,,,,,,,,,,,,,,,,,,,,,,,,,,,,,,,,,,24.0,,396.0,,,,,122,,252.0,,,,,,,,76.0,,,,4.0,,,,,,,,,,124.0,,,156.0,,359.0,,,,,,,,,,,23.0,,,84.0,,,,,,
_250m_16_days_VI_Quality_2024105_aid0001,aid0001,2024-04-14 00:00:00+00:00,20.0,616,,,,,,47476.0,,,,,,173616.0,,128.0,,,,250.0,,184.0,,,,92.0,,,,,,915.0,,8.0,,,,521,,60.0,,,,,68.0,,56.0,,,,36,4.0,,,,,,,,,,,,128.0,,,,,,,,,,,4.0,,,,,20.0,,,68.0,426,,24,,,,15947,,3840.0,130.0,,,4.0,,1463,,162.0,4.0,,,,8,,,,12.0,614.0,,,,,82.0,,,148.0,306,144.0,48.0,,,,839.0,,412.0,92.0,,,,,965.0,,60.0,,,,1.0,,80.0,,,,744.0,,,,39.0,,,,,,,,,,,,,,16.0,,,,,,20.0,,,,,,4.0,,72.0,,,16.0,,,,,,8.0,,,,,,108.0,,,,,,,52.0,,24.0,,,,,,,,,,,,,,,,,,,,,,,,,,,16.0,,,,,,,120.0,,254.0,22.0,,,,214,,80.0,,,,,,,,166.0,,,,40.0,,,112.0,,,,,108.0,,104.0,13.0,,173.0,,52.0,,,,,,,,,4.0,,164.0,,,48.0,,,,,,
_250m_16_days_VI_Quality_2024121_aid0001,aid0001,2024-04-30 00:00:00+00:00,96.0,964,,64.0,,,,130411.0,,,,,,78138.0,,132.0,,,,11598.0,,2571.0,,,,268.0,,,,,,1402.0,,,,,,653,,44.0,,,,,64.0,12.0,128.0,,,,36,28.0,,,,,,,,,,,,,,,,,,,,,,,,24.0,,,28.0,,,,16.0,1157,,212,,,1.0,7956,,7525.0,,,,,,1730,,172.0,,,,1.0,220,71.0,,,,65.0,,,,,44.0,,,40.0,652,1017.0,40.0,,,,211.0,,678.0,,,,,,247.0,6.0,69.0,,,,2.0,242.0,,,,,8.0,,,,53.0,,,,,,,,,,,,,,8.0,,,,,,16.0,,,,,,36.0,,48.0,,,20.0,,,,,,180.0,,,,,,88.0,,128.0,,,,,65.0,4.0,80.0,,,,,,,,,,,,,,,,,,,,,,,8.0,,,44.0,8.0,,,,,,,145.0,,714.0,,,,,595,,132.0,,,,1.0,,,,,,,16.0,48.0,,,,,576.0,,,36.0,,504.0,,,199.0,3.0,76.0,,,,,,,,,,,,,,,,,,,,
_250m_16_days_VI_Quality_2024137_aid0001,aid0001,2024-05-16 00:00:00+00:00,40.0,2242,,168.0,,,,44441.0,,,,,,72126.0,4.0,,8.0,,,24125.0,215.0,30986.0,1657.0,,,8.0,,,,,,9210.0,,,,,,14332,16.0,,20.0,,,,925.0,240.0,236.0,512.0,,,316,64.0,,,,,,,1398.0,,,,2868.0,6488.0,,,,,,,12.0,,,,622.0,40.0,,,478.0,610.0,,,,3018,,184,,,48.0,5175,,1903.0,48.0,,,1.0,,3986,,624.0,77.0,,,8.0,297,120.0,,,18.0,191.0,,,,57.0,456.0,,,,2108,,113.0,,,214.0,162.0,,,13.0,,,2.0,,1109.0,,12.0,,,,47.0,133.0,83.0,,2.0,,,,,52.0,,,,,,,,,,20.0,,,,,1245.0,,,,,,1857.0,,,,,,224.0,4.0,244.0,12.0,,,,,,,,2552.0,,,,,,7104.0,,,,,,4.0,397.0,28.0,272.0,84.0,,,,,,,,,,,,260.0,,,,,,,,,105.0,28.0,,,124.0,192.0,,,,,,,333.0,,667.0,56.0,,,,842,,446.0,112.0,,,8.0,,,,100.0,,,24.0,176.0,,,,,,,,24.0,,20.0,,,361.0,,68.0,126.0,,,19.0,,,,,,,,,12.0,56.0,,,,,,
_250m_16_days_VI_Quality_2024153_aid0001,aid0001,2024-06-01 00:00:00+00:00,,12807,,2686.0,,,,,,,,,,3676.0,,16.0,,,,48142.0,376.0,8505.0,9943.0,,,,,,14.0,,,,,,,,,2882,,,,,,,31500.0,2339.0,227.0,4831.0,,,11680,2027.0,,,,,,,1241.0,3751.0,,,5610.0,16688.0,,,,,,,,,,,1511.0,1166.0,,,19244.0,5936.0,,,,4444,,562,,,,3322,4.0,2299.0,,,,3.0,,1450,144.0,276.0,12.0,,,3.0,2955,548.0,,,536.0,1288.0,,,,418.0,391.0,,,,1853,,114.0,,,,572.0,,60.0,,,,,,650.0,4.0,,,,,,811.0,49.0,,1.0,240.0,48.0,,,108.0,8.0,,,,,,,,,,,,,,,,,,,,148.0,,,,,,1128.0,128.0,32.0,204.0,,,4.0,,,,,,,,,,,1160.0,,,,,,,12263.0,2698.0,,1715.0,,,,,,,,,164.0,,665.0,596.0,,4.0,,,,,,,964.0,,,,9712.0,707.0,,,,,,,72.0,,,,,,,225,,28.0,5.0,,,,,,16.0,8.0,,,84.0,,,,,,,,,6.0,,,,,95.0,16.0,,,,,,,,,,,,,,56.0,,,,,,,
_250m_16_days_VI_Quality_2024169_aid0001,aid0001,2024-06-17 00:00:00+00:00,,45410,,12029.0,,,3.0,212.0,16.0,,,,,1751.0,1317.0,12.0,1322.0,,,558.0,1904.0,4666.0,3425.0,,,80.0,40.0,,73.0,,,380.0,68.0,,,,8.0,1768,3968.0,47.0,280.0,,,,470.0,12791.0,226.0,6530.0,,,20265,1400.0,,,3718.0,,,,12135.0,3957.0,,,5946.0,11091.0,,,,574.0,,,1662.0,,,,14849.0,296.0,,,15620.0,4485.0,,,,2167,,2181,,,28.0,1604,,3015.0,72.0,,,26.0,,2437,,300.0,59.0,,,125.0,1675,1275.0,,8.0,364.0,2261.0,,3.0,,622.0,429.0,,9.0,,752,,913.0,,,246.0,211.0,,,,,,6.0,,982.0,,163.0,,,,71.0,379.0,277.0,,52.0,48.0,72.0,,,40.0,65.0,,6.0,,,,,,,,,,,,82.0,4.0,,,,2.0,343.0,216.0,100.0,,,1.0,8.0,96.0,2967.0,64.0,,,44.0,,115.0,,,332.0,12.0,,,,,1305.0,1516.0,20.0,60.0,,,3.0,191.0,3227.0,473.0,2873.0,,,,,178.0,152.0,,,1758.0,,427.0,1097.0,,40.0,88.0,,805.0,,,,7678.0,48.0,,,4324.0,1625.0,,,,,,,410.0,,,,,14.0,,849,5.0,19.0,34.0,,,15.0,,,140.0,,,,218.0,4.0,,,,,,,,94.0,,,,6.0,307.0,,26.0,,,,148.0,,,,,,,,,16.0,,,,,,,
_250m_16_days_VI_Quality_2024185_aid0001,aid0001,2024-07-03 00:00:00+00:00,,65594,,36752.0,,,8.0,,,,,,,,3005.0,,308.0,,,,2169.0,,2380.0,,,16.0,295.0,8.0,1267.0,,,,96.0,,,,,161,5315.0,36.0,2158.0,,,,36.0,12654.0,48.0,6996.0,,,15079,1307.0,,1.0,268.0,,,,7789.0,,,,2664.0,460.0,,1.0,4.0,44.0,,,423.0,,,,15944.0,68.0,,9.0,5063.0,744.0,,2.0,,6984,,5435,,,61.0,58,4.0,,,,,,,529,78.0,156.0,112.0,,,4.0,2390,2586.0,,50.0,185.0,,,2.0,,368.0,123.0,,3.0,,1118,,1834.0,,,86.0,,,,,,,,,16.0,,,,,,,201.0,1450.0,,47.0,,,,,,6.0,,6.0,,,,8.0,,,,,,68.0,,,,,,,,,216.0,,164.0,,,12.0,276.0,,551.0,,,335.0,48.0,1727.0,,,52.0,65.0,,52.0,,,98.0,3613.0,,1623.0,,,3.0,42.0,8138.0,148.0,7201.0,,,,,,,,,795.0,,324.0,454.0,,6.0,74.0,,58.0,,,,7360.0,,,,4178.0,1335.0,,,,,,,,,,,,,,66,121.0,165.0,47.0,,,11.0,,,12.0,,,,125.0,212.0,,11.0,,,,,,,,,,,,,8.0,,,,4.0,,,,,,,,,,4.0,,,,,,
_250m_16_days_VI_Quality_2024201_aid0001,aid0001,2024-07-19 00:00:00+00:00,92.0,42309,,30671.0,,,9.0,100.0,971.0,,2189.0,,,,2722.0,20.0,3204.0,,,,145.0,,3228.0,,,228.0,144.0,,78.0,,5.0,228.0,1224.0,,3516.0,,,256,19013.0,,10773.0,,,,12.0,6933.0,1.0,12188.0,,1.0,9906,635.0,,5.0,2886.0,24.0,,,6722.0,,,,39.0,,,,12.0,,,,4236.0,,,1.0,17443.0,69.0,,,1650.0,112.0,,,,5639,,7397,,,39.0,744,,424.0,48.0,,,13.0,,424,,354.0,221.0,,,25.0,1220,1735.0,,22.0,320.0,52.0,,,,168.0,127.0,,2.0,,2233,355.0,809.0,,,127.0,12.0,,54.0,,,,28.0,,36.0,,299.0,4.0,,,53.0,149.0,463.0,,1.0,17.0,18.0,,,16.0,,,,,,,,,,24.0,,,56.0,,,28.0,,132.0,,,12.0,394.0,,532.0,,,4.0,136.0,,382.0,,64.0,68.0,,180.0,,,29.0,168.0,16.0,460.0,,,442.0,6049.0,56.0,2593.0,,,,91.0,4401.0,56.0,9088.0,,,,,,336.0,,,1363.0,,153.0,,,29.0,4.0,,1250.0,4.0,,,12803.0,244.0,,2.0,2569.0,85.0,,,16.0,,,,28.0,,76.0,49.0,,,,155,44.0,65.0,165.0,,,3.0,,,,,,,73.0,24.0,,3.0,,,65.0,,22.0,,,24.0,,4.0,4.0,,51.0,,,,,,,,,16.0,,16.0,,4.0,16.0,,,,,,
_250m_16_days_VI_Quality_2024217_aid0001,aid0001,2024-08-04 00:00:00+00:00,,23184,,15445.0,,,,24841.0,60.0,56.0,,,,13503.0,382.0,730.0,128.0,,,584.0,409.0,76.0,44.0,,,,429.0,,166.0,,,1123.0,49.0,,,,,2730,2106.0,389.0,972.0,,,,218.0,3933.0,338.0,3732.0,,1.0,8115,19386.0,,3.0,9810.0,,,,7389.0,2895.0,,,5931.0,620.0,,,85.0,20.0,,,912.0,,,,8091.0,8555.0,,,3557.0,12746.0,,,36.0,5476,,5833,,,4.0,177,,364.0,,,,3.0,,216,72.0,550.0,49.0,,,,1928,5292.0,,19.0,108.0,83.0,,,,134.0,478.0,,1.0,,1698,,1500.0,,,9.0,,,,,,,,,24.0,,,,,,,620.0,865.0,,5.0,,,,,,,,,,44.0,12.0,,,,,20.0,254.0,55.0,,224.0,,,,,,384.0,52.0,2.0,,,,152.0,464.0,2.0,64.0,,16.0,342.0,,133.0,,,634.0,,,,,,2535.0,1115.0,65.0,314.0,,,1.0,1093.0,6712.0,181.0,3030.0,,,,,515.0,127.0,,,653.0,,1021.0,231.0,,60.0,48.0,,194.0,,,,7702.0,1369.0,,,6740.0,5039.0,,,,,,,60.0,,35.0,,,,,216,116.0,203.0,133.0,,,,,,,41.0,,,144.0,406.0,,,,,,,,,,,,,,,6.0,,,,,,11.0,,,,,,,,21.0,,,596.0,,,
_250m_16_days_VI_Quality_2024233_aid0001,aid0001,2024-08-20 00:00:00+00:00,,23895,108.0,5258.0,,,2.0,3396.0,310.0,384.0,5.0,,,33798.0,421.0,238.0,112.0,,,2468.0,208.0,,140.0,,,28.0,116.0,,14.0,,,4037.0,407.0,60.0,,,,12696,6899.0,279.0,706.0,,,,2445.0,4006.0,137.0,1371.0,,,15351,4394.0,,2.0,244.0,372.0,,,10182.0,1798.0,,,2046.0,477.0,,,28.0,8.0,,,512.0,40.0,,,23183.0,6132.0,,,8253.0,2278.0,,,,6190,132.0,1928,,,5.0,963,40.0,1570.0,,,,30.0,,1618,129.0,952.0,,,,17.0,2337,488.0,,29.0,161.0,184.0,,,,362.0,90.0,,3.0,28.0,1452,,92.0,,,17.0,157.0,,,,,,7.0,,756.0,27.0,,,,,46.0,695.0,33.0,,34.0,91.0,,,2.0,129.0,,,,,,,,,,28.0,36.0,533.0,28.0,,1972.0,,,,,,3098.0,276.0,181.0,28.0,,,294.0,16.0,73.0,198.0,,16.0,280.0,157.0,39.0,,,3378.0,88.0,68.0,,,,10252.0,3004.0,314.0,215.0,,,1.0,1555.0,2737.0,158.0,1244.0,,,2.0,,305.0,76.0,,,1100.0,129.0,385.0,377.0,,68.0,172.0,,451.0,48.0,,,10775.0,717.0,,,4352.0,517.0,,1.0,,,,,122.0,,56.0,,,2.0,,1203,100.0,120.0,8.0,,,23.0,,,40.0,36.0,,,321.0,12.0,,4.0,,,,,,120.0,,,,,639.0,12.0,,,,,31.0,,,,,,23.0,,,219.0,,,3.0,,,,
_250m_16_days_VI_Quality_2024249_aid0001,aid0001,2024-09-05 00:00:00+00:00,24.0,339,195.0,112.0,,,,117978.0,,3423.0,1889.0,,5.0,49289.0,124.0,14183.0,807.0,,,336.0,,5053.0,,,,44.0,,,,,,1525.0,,40.0,44.0,,,9931,68.0,2486.0,16.0,,,,685.0,3.0,692.0,15.0,,,62,96.0,,,288.0,3877.0,,,987.0,1917.0,,,52.0,4.0,,,,,,,,20.0,,,844.0,68.0,,,108.0,28.0,,,148.0,608,108.0,284,,,64.0,8578,,6583.0,,,,97.0,,1509,,535.0,23.0,,,104.0,305,331.0,,22.0,4.0,309.0,,7.0,,88.0,172.0,,24.0,,536,,160.0,,,330.0,376.0,,247.0,,,,29.0,,387.0,,134.0,8.0,,,76.0,197.0,236.0,,35.0,3.0,172.0,,5.0,8.0,171.0,,45.0,,,,,,,56.0,,40.0,,,1433.0,,28.0,12.0,,,574.0,,72.0,40.0,,,,,252.0,,,24.0,4.0,,,,,736.0,,56.0,16.0,,,2749.0,20.0,548.0,39.0,,,,161.0,12.0,264.0,7.0,,,,,,,40.0,,99.0,28.0,,,,8.0,8.0,,20.0,44.0,,,360.0,50.0,,,8.0,20.0,,,,20.0,,,859.0,,176.0,8.0,,23.0,,778,,255.0,32.0,,,171.0,,,4.0,36.0,,,126.0,216.0,,33.0,,,,,,388.0,,28.0,,15.0,469.0,,74.0,58.0,,,214.0,,,,,,,32.0,,41.0,244.0,,31.0,,,,
_250m_16_days_VI_Quality_2024265_aid0001,aid0001,2024-09-21 00:00:00+00:00,,28819,,3599.0,,,1.0,1517.0,,,,,,81426.0,,,,,,2352.0,,216.0,24.0,,,20.0,28.0,92.0,41.0,,,59.0,,,,,,56492,,,,,,1.0,5851.0,247.0,1647.0,418.0,,,10316,842.0,,,,,,,48.0,,,,724.0,240.0,,,120.0,106.0,,,,,,,529.0,,,,1127.0,1561.0,,,,6915,,1293,,,22.0,2656,,,,,,16.0,,2655,4.0,114.0,68.0,,,49.0,1034,353.0,,7.0,,,,,,12.0,28.0,,,,2202,,462.0,,,30.0,130.0,,,,,,,,432.0,,,,,,25.0,110.0,286.0,,,,,,,,,,,,,,,,,8.0,,36.0,,,16.0,,,,,,4753.0,,,,,,592.0,,124.0,50.0,,8.0,177.0,206.0,141.0,,,188.0,,,,,,15874.0,,,,,,,2812.0,229.0,1470.0,408.0,,,,28.0,28.0,,,,132.0,,149.0,228.0,,404.0,270.0,,,,,,96.0,,,,753.0,2227.0,,,,4.0,,,339.0,,,,,6.0,,1899,20.0,253.0,314.0,,,28.0,,,,,,,7.0,146.0,,,,,,,,56.0,,,,,991.0,,,,,,38.0,,,,,,,,,,,,,,,,
_250m_16_days_VI_Quality_2024281_aid0001,aid0001,2024-10-07 00:00:00+00:00,,594,,516.0,,,3.0,,,,,,,3680.0,,25313.0,,,,94674.0,390.0,50495.0,395.0,,,,4.0,,,,,,,,,,,187,,446.0,,,,,6981.0,803.0,755.0,345.0,,,367,239.0,,1.0,,,,,8.0,1203.0,,,9557.0,6315.0,,,12.0,,,,,,,,16.0,32.0,,,4714.0,815.0,,,,572,,247,,,5.0,8637,168.0,10808.0,,,,,,783,108.0,415.0,,,,,422,194.0,,,1671.0,652.0,,,,471.0,227.0,,,,483,,126.0,,,8.0,346.0,,312.0,36.0,,,,,213.0,,143.0,12.0,,,1.0,238.0,108.0,,,88.0,400.0,,,144.0,95.0,,1.0,,,,,,,,,,,,642.0,,,,,,264.0,,8.0,,,,1831.0,24.0,276.0,44.0,1.0,,12.0,,,,,116.0,,,,,,318.0,,140.0,,,,,3827.0,442.0,376.0,109.0,,,,,,,,,,,303.0,132.0,,4.0,,,,,,,15.0,16.0,,,2194.0,254.0,,,,,,,421.0,,228.0,,,2.0,,890,245.0,286.0,27.0,,,,,,74.0,8.0,,,463.0,144.0,,,20.0,,,,7.0,247.0,20.0,169.0,,5.0,568.0,52.0,71.0,8.0,,,1.0,,,,,,20.0,28.0,,310.0,192.0,,26.0,,,,
_250m_16_days_VI_Quality_2024297_aid0001,aid0001,2024-10-23 00:00:00+00:00,101.0,1007,,156.0,,8.0,3.0,103934.0,,36.0,,,10.0,64479.0,,6346.0,,,2.0,6898.0,12.0,14854.0,347.0,100.0,32.0,100.0,,,,,,963.0,,,,,,7754,12.0,,,,,4.0,965.0,8.0,86.0,48.0,,,506,36.0,8.0,1.0,160.0,,,,193.0,,12.0,,2446.0,917.0,128.0,,16.0,,,,32.0,,,,1076.0,,,,1490.0,84.0,12.0,,223.0,853,92.0,75,,80.0,17.0,9089,,436.0,32.0,1816.0,32.0,64.0,,1427,12.0,112.0,8.0,24.0,,58.0,565,72.0,44.0,10.0,749.0,16.0,64.0,,,445.0,4.0,24.0,7.0,,531,,43.0,,49.0,134.0,743.0,,64.0,,,,35.0,,384.0,12.0,8.0,8.0,,8.0,53.0,326.0,36.0,40.0,5.0,201.0,,,,152.0,4.0,,4.0,,,,,,,20.0,,,,,331.0,,,,,1.0,873.0,,80.0,,,,941.0,,3439.0,68.0,,60.0,,,,,,403.0,,,,,,3934.0,5.0,,,,16.0,1.0,1061.0,22.0,23.0,16.0,12.0,4.0,,,,,,,12.0,,468.0,91.0,4.0,16.0,,,12.0,,,,397.0,4.0,4.0,1.0,1069.0,79.0,4.0,,140.0,,,,692.0,,152.0,,,28.0,,1018,4.0,91.0,60.0,,20.0,37.0,,,136.0,44.0,,,587.0,148.0,11.0,13.0,,,,,,358.0,,,,,476.0,,16.0,4.0,,,102.0,,,,,,44.0,8.0,,420.0,88.0,32.0,2.0,,,,
_250m_16_days_VI_Quality_2024313_aid0001,aid0001,2024-11-08 00:00:00+00:00,84.0,611,,36.0,64.0,52.0,3.0,203762.0,,8.0,,2628.0,15.0,12172.0,,537.0,,344.0,,413.0,,556.0,,,,224.0,,,,32.0,12.0,2711.0,,4.0,,32.0,22.0,720,4.0,8.0,,20.0,,,20.0,,24.0,,8.0,,240,16.0,278.0,4.0,870.0,4.0,276.0,2.0,624.0,,28.0,,428.0,,1260.0,,26.0,,124.0,2.0,40.0,,4.0,,120.0,4.0,4.0,,4.0,4.0,,,87.0,2045,,152,16.0,76.0,160.0,6227,,165.0,,172.0,,172.0,1123.0,2619,,65.0,,168.0,,153.0,527,108.0,428.0,21.0,,36.0,111.0,24.0,,136.0,16.0,91.0,24.0,,1132,,93.0,,92.0,362.0,375.0,,23.0,,78.0,,22.0,,509.0,3.0,12.0,4.0,32.0,,79.0,171.0,110.0,269.0,43.0,,,88.0,8.0,,4.0,50.0,6.0,,,,,,,51.0,,,,1.0,491.0,,,,,1.0,28.0,,11.0,,4.0,,,,8.0,,,59.0,,,,20.0,1.0,626.0,,,,,47.0,408.0,,12.0,,4.0,,4.0,32.0,,8.0,,,4.0,,,,11.0,,1.0,,,8.0,,,24.0,,56.0,41.0,,,3.0,60.0,20.0,12.0,,12.0,8.0,12.0,,32.0,,,,348.0,,,,,36.0,,933,,12.0,,4.0,,175.0,,,,,,,72.0,24.0,63.0,1.0,,,,,,186.0,,20.0,,10.0,530.0,,22.0,,19.0,,272.0,4.0,,4.0,,,,,,2.0,8.0,23.0,11.0,,,,
_250m_16_days_VI_Quality_2024329_aid0001,aid0001,2024-11-24 00:00:00+00:00,520.0,353,4.0,108.0,48.0,152.0,4.0,217666.0,,44.0,,607.0,1.0,938.0,,1096.0,,280.0,,124.0,,739.0,,,,602.0,,,,32.0,4.0,2073.0,,,,131.0,7.0,238,,107.0,,23.0,,,20.0,,56.0,,,,112,12.0,964.0,4.0,361.0,,366.0,,18.0,,52.0,,16.0,,,,28.0,,160.0,,77.0,,115.0,1.0,8.0,,66.0,,16.0,5.0,,,116.0,1450,,317,40.0,213.0,62.0,4093,,2163.0,,306.0,88.0,33.0,437.0,3648,8.0,615.0,16.0,62.0,12.0,30.0,625,35.0,956.0,13.0,362.0,16.0,264.0,2.0,,490.0,124.0,443.0,25.0,16.0,789,,284.0,20.0,102.0,162.0,108.0,,116.0,,50.0,,3.0,12.0,518.0,8.0,226.0,,12.0,59.0,23.0,293.0,58.0,279.0,65.0,4.0,4.0,76.0,,113.0,146.0,53.0,6.0,,,,,,,,,,,,276.0,,4.0,,8.0,,16.0,,,,,,84.0,,16.0,,,76.0,,,,8.0,,204.0,,,,8.0,6.0,147.0,,8.0,,4.0,,1.0,44.0,8.0,4.0,,,,,,,12.0,,,,,,,,,,60.0,12.0,,16.0,,28.0,,16.0,,8.0,,,,24.0,,,,281.0,,144.0,,,,,700,3.0,152.0,53.0,14.0,20.0,40.0,,,72.0,8.0,52.0,,489.0,62.0,52.0,19.0,,,,,,12.0,,28.0,,,168.0,,56.0,,4.0,24.0,42.0,,,,,,16.0,,,118.0,64.0,52.0,4.0,,,,
_250m_16_days_VI_Quality_2024345_aid0001,aid0001,2024-12-10 00:00:00+00:00,176.0,683,4.0,150.0,,28.0,1.0,96194.0,,31291.0,,,2.0,62236.0,,30523.0,,24.0,,56.0,,804.0,,,28.0,76.0,,,,,,1871.0,,234.0,,,,1359,,678.0,,28.0,,,44.0,,72.0,,,,48,276.0,316.0,,,8.0,52.0,,8.0,96.0,14.0,,,4.0,48.0,,,,44.0,,8.0,16.0,9.0,,4.0,140.0,12.0,,,8.0,7.0,,,1138,,383,,210.0,76.0,5751,,4843.0,,12.0,396.0,21.0,,2159,4.0,1071.0,,4.0,121.0,46.0,136,581.0,452.0,17.0,18.0,387.0,484.0,,,36.0,378.0,171.0,6.0,,599,,148.0,,196.0,262.0,206.0,,526.0,,212.0,296.0,3.0,,559.0,,151.0,,52.0,48.0,23.0,64.0,183.0,181.0,25.0,,212.0,128.0,,,41.0,48.0,3.0,,,,,,,,,,,,80.0,,,,,,28.0,,,,,,12.0,,,,,,,,,,,311.0,,4.0,,,1.0,321.0,,24.0,,,,1.0,16.0,,60.0,,,,,,,,,,,,,,,,,,20.0,,,,,4.0,,,,16.0,,,,,,,65.0,,16.0,,,11.0,,179,4.0,79.0,,8.0,55.0,46.0,,,,8.0,8.0,,8.0,151.0,56.0,9.0,,,,,,16.0,,48.0,,,91.0,,55.0,,31.0,116.0,28.0,,,,,,,12.0,,18.0,63.0,40.0,8.0,,,,
_250m_16_days_VI_Quality_2024361_aid0001,aid0001,2024-12-26 00:00:00+00:00,,1320,,96.0,,8.0,,15600.0,,36.0,,,,180546.0,,1204.0,,642.0,,16421.0,,516.0,,,4.0,,,,,,,2321.0,,,,,,5131,,361.0,,4.0,,,160.0,,129.0,,,,412,40.0,236.0,,,,,,1129.0,,926.0,,800.0,8.0,,,,,,,,,,,110.0,28.0,62.0,2.0,16.0,4.0,,,,2195,,463,,134.0,266.0,6081,,2429.0,,,,3.0,,3342,,722.0,8.0,4.0,,20.0,993,365.0,224.0,71.0,88.0,139.0,124.0,,,311.0,328.0,120.0,,,1405,,261.0,,87.0,321.0,166.0,,84.0,,,,,,758.0,,33.0,,4.0,,9.0,685.0,185.0,80.0,84.0,4.0,,,,77.0,36.0,12.0,6.0,,,,,,,,,,,,112.0,,,,,,100.0,,,,,,,,,,,,,,,,,124.0,,,,,,297.0,,24.0,,,,1.0,12.0,,12.0,,,,,,,,,,,,,,,,,,,,,,12.0,12.0,28.0,,20.0,,,,,,,,65.0,,4.0,,24.0,,,411,,35.0,,4.0,8.0,13.0,,,16.0,,12.0,,66.0,37.0,36.0,3.0,,,,,,32.0,,,,,197.0,8.0,36.0,,4.0,,35.0,,,,,,12.0,,,40.0,16.0,4.0,3.0,,,,
_250m_16_days_VI_Quality_2025009_aid0001,aid0001,2025-01-09 00:00:00+00:00,,952,,4.0,,4.0,,288.0,,,,,,80854.0,258.0,376.0,,1762.0,,107815.0,1429.0,128.0,4.0,,,,,,,,,80.0,,,,,,5096,,48.0,,12.0,1.0,,968.0,8.0,32.0,8.0,,,1016,4.0,104.0,,,,,,6295.0,,6538.0,,11580.0,,,,,,,,,,,,159.0,,36.0,,220.0,,8.0,,,1300,,84,,97.0,10.0,9564,52.0,244.0,367.0,100.0,12.0,,,3062,48.0,64.0,240.0,,56.0,15.0,1442,4.0,230.0,11.0,691.0,84.0,252.0,,,762.0,7.0,150.0,3.0,,987,,80.0,,182.0,56.0,434.0,,,140.0,,,,,655.0,,,84.0,8.0,12.0,4.0,1088.0,,184.0,37.0,33.0,,,,147.0,42.0,,1.0,,,,,,,,,,,,,,,,,,200.0,,304.0,32.0,,,48.0,,60.0,,,,,,,,,,,28.0,,,,740.0,,168.0,,,,,116.0,8.0,8.0,,,12.0,,,,,,,,,,,,,,,,,,,4.0,4.0,,,56.0,12.0,12.0,,,,,,233.0,,13.0,,,7.0,,438,16.0,28.0,4.0,,52.0,42.0,,,48.0,2.0,48.0,,258.0,4.0,96.0,3.0,,,,,,76.0,,,,,249.0,12.0,,,,13.0,7.0,,,,,,8.0,,,139.0,,51.0,3.0,,,,
_250m_16_days_VI_Quality_2025025_aid0001,aid0001,2025-01-25 00:00:00+00:00,,532,,20.0,,,,508.0,,,,,,45280.0,,,,,,66977.0,11919.0,32.0,647.0,,,,,,,,,,,,,,,1068,,,,,,,1996.0,776.0,120.0,285.0,,,1004,8.0,,,12.0,,,,1624.0,,,,86977.0,264.0,,,,,,,,,,,392.0,,,,1899.0,344.0,,,,425,,80,,,,7164,688.0,173.0,1243.0,,,,,1242,700.0,84.0,736.0,,,,718,56.0,,,6839.0,294.0,,,,2317.0,180.0,,,,216,,,,,,657.0,304.0,160.0,42.0,,,,,231.0,124.0,8.0,8.0,,,,458.0,,,,1452.0,,,,374.0,21.0,,,,,,,,,,,,,,,,,,,,,,,,,,52.0,16.0,,12.0,,,,,,,,,,,,,,300.0,,,,,,,392.0,278.0,,12.0,,,,,,,,,,,20.0,,,,,,,,,,36.0,,,,232.0,64.0,,,,,,,108.0,30.0,40.0,,,,,260,276.0,,84.0,,,,,,96.0,,,,392.0,8.0,,,,,,,,52.0,20.0,,,,40.0,136.0,,,,,,,,,,,43.0,,,197.0,,,,,,,
_250m_16_days_VI_Quality_2025041_aid0001,aid0001,2025-02-10 00:00:00+00:00,,340,,,,,,2615.0,,,,,,176589.0,,,,,,41330.0,,186.0,,,,,,,,,,48.0,,,,,,1461,,,,,,,335.0,,12.0,20.0,,,40,20.0,,,,,,,152.0,,,,83.0,,,,,,,,,,,,68.0,,,,28.0,20.0,,,,480,,30,,,4.0,16784,,1608.0,226.0,,,,,2049,,178.0,128.0,,,2.0,100,112.0,,,670.0,748.0,,,,167.0,432.0,,,,551,,36.0,,,10.0,1074.0,,4.0,224.0,,,,,730.0,,60.0,8.0,,,2.0,265.0,148.0,,,472.0,636.0,,,168.0,168.0,,,,,,,,,,,,,,,,,,,,60.0,,,,,,68.0,,,,,,,,,,,,,,,,,220.0,,,,,,,56.0,,4.0,,,,,,,,,,,,,,,,,,,,,,4.0,,,,,,,,,,,,72.0,,52.0,,,,,128,,,32.0,,,,,,,92.0,,,28.0,20.0,,,,,,,,156.0,,,56.0,,109.0,,,,,,3.0,,,,,,,,,81.0,12.0,,,,,,
_250m_16_days_VI_Quality_2025057_aid0001,aid0001,2025-02-26 00:00:00+00:00,,272,,88.0,,,,18885.0,,1176.0,,,,166152.0,,29451.0,,,,3189.0,,413.0,,,,,,,,,,232.0,,16.0,,,,1502,,184.0,,,,,198.0,,132.0,20.0,,,48,100.0,,,,,,,36.0,60.0,,,44.0,24.0,,,,,,,,,,,32.0,2.0,,,12.0,40.0,,,,677,,148,,,1.0,15105,,5097.0,80.0,,,5.0,,1452,,588.0,48.0,,,5.0,204,138.0,,,675.0,478.0,,,,162.0,74.0,,,,669,49.0,68.0,,,35.0,1170.0,,232.0,208.0,,,,,644.0,,70.0,44.0,,,4.0,188.0,146.0,,4.0,30.0,242.0,,,101.0,38.0,,,,,,,,,,,,,,,,,,,,,,,,,,40.0,,16.0,,,,,,,,,4.0,,,,,,172.0,,8.0,,,,,68.0,,8.0,,,,,,,,,,,,4.0,,,,,,,,,,44.0,,,,4.0,4.0,,,,,,,152.0,,116.0,,,,,165,,48.0,,,,,,,12.0,40.0,,,134.0,16.0,,,,,,,,44.0,,28.0,,,256.0,,36.0,,,,,,,,,4.0,40.0,44.0,,164.0,14.0,,2.0,,,,
_250m_16_days_VI_Quality_2025073_aid0001,aid0001,2025-03-14 00:00:00+00:00,28.0,828,,104.0,,,,164078.0,,131.0,,,,56504.0,,192.0,,,,907.0,,296.0,,,,128.0,,,,,,1408.0,,32.0,,,4.0,1550,,60.0,,,,,152.0,,40.0,,,,28,36.0,,,,,,,,,,,12.0,12.0,,,,,,,,,,,,,,,,4.0,,,4.0,1436,,300,,,12.0,12964,,1492.0,,,,4.0,,2686,,276.0,,,,8.0,60,100.0,,,68.0,218.0,,,,80.0,167.0,,3.0,32.0,910,52.0,91.0,,,92.0,847.0,,109.0,48.0,,,,,726.0,,56.0,,,,18.0,69.0,128.0,,,12.0,356.0,,,,115.0,,,,,,,,,,,,,,4.0,,,,,,12.0,,,,,,36.0,,136.0,,,,,,,,,44.0,,,,,,120.0,,4.0,,,,,76.0,,12.0,,,,,,,,,,,,,,,,,,,,,,,4.0,,,,,,,,,,,210.0,,511.0,,,2.0,,342,,44.0,,,,6.0,,,,65.0,,,16.0,60.0,,,,,87.0,,,184.0,,290.0,,,337.0,,39.0,,,,,,,,,16.0,,48.0,,8.0,88.0,,,,,,
_250m_16_days_VI_Quality_2025089_aid0001,aid0001,2025-03-30 00:00:00+00:00,,164,,36.0,,,,12006.0,,40.0,,,,191551.0,,9699.0,,,,6191.0,,977.0,,,,,,,,,,268.0,,,,,,1065,,28.0,20.0,,,,152.0,,332.0,,,,48,16.0,,,,,,,,,,,,67.0,,,,,,,,,,,,,,,12.0,8.0,,,,316,,46,,,1.0,13901,,7591.0,32.0,,,6.0,,1124,,185.0,,,,,28,71.0,,,,725.0,,,,12.0,200.0,,,59.0,498,252.0,132.0,,,5.0,615.0,,1102.0,12.0,,,1.0,,340.0,,56.0,8.0,,,11.0,84.0,206.0,,,,396.0,,,,113.0,,,,,,,,,,,,,,28.0,,,,,,148.0,,,,,,16.0,,,,,,,,,,,48.0,,,,,,320.0,,4.0,,,,,24.0,,12.0,,,,,,,,,,,,,,,,,,,,,,,,,,,,,,,,,,52.0,,270.0,,,,,117,,172.0,,,,,,,,,,,,16.0,,,,,28.0,,,53.0,,320.0,,,130.0,,199.0,,,,9.0,,,,,,,,,5.0,95.0,,,,,,
_250m_16_days_VI_Quality_2025105_aid0001,aid0001,2025-04-15 00:00:00+00:00,,1476,12.0,132.0,,,,1224.0,,,,,,105907.0,,5393.0,89.0,,,65907.0,,27997.0,13.0,,,,,8.0,,,,,,,,,,2478,20.0,,8.0,,,,5339.0,36.0,612.0,36.0,,,652,345.0,,,,,,,12.0,12.0,,,44.0,229.0,,,,,,,,,,,36.0,,,,388.0,328.0,,,,3218,,175,,,,6271,171.0,4434.0,228.0,,,,,2179,255.0,451.0,4.0,,,,1063,267.0,,,217.0,216.0,,,,338.0,300.0,,,8.0,1697,,28.0,,,,136.0,52.0,60.0,,,,,,380.0,237.0,,4.0,,,,388.0,45.0,,,24.0,,,,67.0,,,,,,,,,,,,20.0,,,,,,,,,280.0,,,,,,1800.0,,40.0,,,6.0,16.0,28.0,,,,,,,,,,840.0,8.0,,,,,,2501.0,75.0,112.0,,,,,,,,,,,,,52.0,,,,,,,,,4.0,12.0,,,592.0,56.0,,,,13.0,,,943.0,48.0,104.0,,,,,1537,148.0,28.0,,,,,,,142.0,,,,245.0,12.0,,,8.0,38.0,,,,204.0,40.0,,,,670.0,187.0,,,,,,,,,96.0,,78.0,,,245.0,,,,,,,
_250m_16_days_VI_Quality_2025121_aid0001,aid0001,2025-05-01 00:00:00+00:00,72.0,581,,48.0,,,,19621.0,,,,,,166803.0,,4759.0,,,,18526.0,,5612.0,,,,132.0,,,,,,1778.0,,,,,,1844,,236.0,,,,,332.0,,532.0,,,,392,8.0,,,108.0,,,,76.0,28.0,,,114.0,,,,16.0,,,,36.0,,,,36.0,28.0,,,48.0,24.0,,,208.0,686,,204,,,,10517,,7006.0,,,,19.0,,1837,12.0,488.0,16.0,,,39.0,414,57.0,,,384.0,64.0,,,,160.0,60.0,,,,637,96.0,142.0,,,2.0,458.0,,261.0,,,,,,721.0,20.0,200.0,,,,15.0,227.0,155.0,,2.0,73.0,64.0,,,147.0,17.0,,1.0,,,,,,,,,,,,176.0,,,,,,108.0,,,,,,68.0,,144.0,,,20.0,,,,,,666.0,,,,,1.0,548.0,,8.0,,,,,100.0,,204.0,,,,,,,,,,,,,,,4.0,,,,,,,16.0,,,,52.0,4.0,,,,,,,443.0,,686.0,,,4.0,,480,,244.0,8.0,,,1.0,,,12.0,12.0,,,169.0,112.0,,,,,36.0,,,180.0,,372.0,,,435.0,,72.0,,,,4.0,,,,,4.0,5.0,52.0,,159.0,66.0,,,,,,
_250m_16_days_VI_Quality_2025137_aid0001,aid0001,2025-05-17 00:00:00+00:00,,16522,,16165.0,,,,7791.0,,,,,,1804.0,,,1152.0,,,11357.0,56.0,938.0,2066.0,,,,72.0,4.0,40.0,,,5761.0,168.0,,,,,1407,646.0,,2475.0,,,,10533.0,2815.0,1363.0,8154.0,,,16341,2505.0,,,8026.0,,,,1691.0,1368.0,,,3903.0,2426.0,,,100.0,32.0,,,8104.0,,,,4773.0,966.0,,,9758.0,8351.0,,,,6783,,3662,,,12.0,284,,,,,,,,1382,21.0,,24.0,,,11.0,3733,895.0,,11.0,100.0,,,,,890.0,,,1.0,,2066,,775.0,,,27.0,,,,,,,,,12.0,4.0,,,,,,1478.0,72.0,,5.0,,,,,64.0,,,,,,,,,,,,,,,1191.0,,,,,,1214.0,,,40.0,,,2014.0,40.0,60.0,764.0,,20.0,99.0,,188.0,,,3759.0,128.0,,,,8.0,3700.0,804.0,,112.0,,,,8695.0,4267.0,594.0,4968.0,,,1.0,,,2510.0,,,746.0,36.0,1857.0,244.0,,76.0,104.0,,9384.0,,,,9194.0,16.0,,,9342.0,2423.0,,,,,,,138.0,,,,,,,1020,26.0,48.0,52.0,,,28.0,,,76.0,,,,543.0,73.0,,2.0,,,,,,,,,,,196.0,20.0,,,,,20.0,,,,,,,,,83.0,,,6.0,,,,
_250m_16_days_VI_Quality_2025153_aid0001,aid0001,2025-06-02 00:00:00+00:00,16.0,4681,,1688.0,,,,20411.0,,,,,,46415.0,73.0,706.0,,,,39381.0,72.0,11351.0,447.0,,,52.0,,,,,,529.0,,,,,,12131,337.0,261.0,14.0,,,,14829.0,310.0,1521.0,516.0,,,3787,599.0,,,238.0,,,,5089.0,2.0,,,713.0,3185.0,,,21.0,4.0,,,268.0,,,,6662.0,20.0,,,4026.0,923.0,,,,2634,,165,,,,6813,20.0,1419.0,,,,107.0,,3470,56.0,378.0,,,,54.0,1359,131.0,,,340.0,74.0,,2.0,,554.0,272.0,,1.0,,604,,28.0,,,11.0,1402.0,,188.0,,,,40.0,,516.0,17.0,149.0,,,,61.0,409.0,151.0,,2.0,79.0,48.0,,,44.0,218.0,,2.0,,,,,,,,,,,,276.0,,4004.0,,,,2996.0,,2784.0,,,,4359.0,4.0,7164.0,165.0,,12.0,,18.0,20.0,,,377.0,,1444.0,,,,5823.0,146.0,32.0,70.0,,,,9195.0,177.0,730.0,311.0,,,,,,4.0,,,569.0,,200.0,1649.0,,,,,28.0,,,,1938.0,,,,1879.0,427.0,,,,,,,746.0,,3.0,,,4.0,,1224,,60.0,12.0,,,2.0,,,5.0,,,,138.0,171.0,,,,,,,,85.0,,,,19.0,325.0,,32.0,,,,11.0,,,,,,36.0,4.0,,,100.0,,,,,,
_250m_16_days_VI_Quality_2025169_aid0001,aid0001,2025-06-18 00:00:00+00:00,11.0,16903,,25745.0,,,7.0,712.0,357.0,172.0,19398.0,,,548.0,990.0,360.0,6771.0,,,51.0,64.0,24.0,516.0,,,,35.0,72.0,292.0,,,739.0,1021.0,131.0,7240.0,,2.0,718,4085.0,348.0,13576.0,,,,104.0,1775.0,71.0,2835.0,,,12327,3569.0,,2.0,4913.0,994.0,,,2599.0,4785.0,,,174.0,1183.0,,,32.0,72.0,,,6509.0,159.0,,,12161.0,4465.0,,,1822.0,2034.0,,,21.0,4476,180.0,3262,,,48.0,1193,,1393.0,48.0,,,65.0,,1553,45.0,1773.0,92.0,,,84.0,1680,953.0,,41.0,44.0,162.0,,4.0,,156.0,313.0,,1.0,207.0,1127,40.0,453.0,,,170.0,438.0,,85.0,,,,46.0,,408.0,,33.0,,,,68.0,560.0,320.0,,66.0,20.0,80.0,,,16.0,32.0,,,,,,,,,,,55.0,,,208.0,32.0,1316.0,837.0,,,276.0,273.0,633.0,220.0,,,48.0,24.0,861.0,679.0,,128.0,77.0,4.0,117.0,,,1037.0,448.0,963.0,1190.0,,,3678.0,3415.0,1087.0,2055.0,,,5.0,1052.0,2565.0,914.0,3727.0,,,,,4.0,916.0,334.0,,1284.0,749.0,76.0,2050.0,,24.0,40.0,,4317.0,223.0,,,16176.0,1603.0,,,4592.0,4060.0,,,,108.0,16.0,,210.0,8.0,227.0,,,38.0,,776,141.0,475.0,202.0,,,37.0,,,40.0,28.0,,,164.0,158.0,,,17.0,,36.0,,11.0,93.0,,16.0,,15.0,253.0,,52.0,,,,12.0,,,,,,24.0,44.0,,8.0,63.0,,1.0,,,,
_250m_16_days_VI_Quality_2025185_aid0001,aid0001,2025-07-04 00:00:00+00:00,296.0,15933,144.0,19827.0,,,,12491.0,104.0,145.0,4622.0,,6.0,1234.0,67.0,,2556.0,,,,865.0,,2531.0,,,172.0,24.0,552.0,620.0,,,5910.0,1491.0,408.0,9369.0,,,3762,7133.0,64.0,14053.0,,,,20.0,1557.0,56.0,11418.0,,,8112,1083.0,,,11553.0,4247.0,,,2553.0,524.0,,,791.0,,,,,104.0,,,14461.0,1954.0,,,14358.0,1290.0,,,525.0,215.0,,,440.0,1834,342.0,4236,,,6.0,1266,,3461.0,72.0,,,83.0,,815,,5272.0,280.0,,,109.0,563,556.0,,,32.0,486.0,,2.0,,74.0,532.0,,1.0,,175,159.0,627.0,,,77.0,19.0,,957.0,,,,66.0,,45.0,4.0,1015.0,110.0,,,111.0,103.0,400.0,,4.0,,140.0,,,,191.0,,,,,,,,,,,,,,1622.0,32.0,,,,,475.0,40.0,,196.0,,,,605.0,,178.0,,44.0,40.0,20.0,36.0,,,4210.0,392.0,72.0,208.0,,,5950.0,2561.0,,1811.0,,,,42.0,2983.0,44.0,6078.0,,,,,,1581.0,116.0,,859.0,28.0,1021.0,185.0,,12.0,60.0,,5086.0,96.0,,,8908.0,234.0,,,1162.0,297.0,,,,57.0,,3.0,204.0,,120.0,,,8.0,,334,4.0,241.0,56.0,,,3.0,8.0,,32.0,4.0,,,40.0,79.0,,,,,,,,24.0,,130.0,,10.0,,,297.0,,,,15.0,,,,,,,,,,52.0,,4.0,,,,
_250m_16_days_VI_Quality_2025201_aid0001,aid0001,2025-07-20 00:00:00+00:00,368.0,28400,,28537.0,,,17.0,845.0,2312.0,,,,,731.0,7877.0,,1572.0,,,76.0,882.0,,224.0,,,80.0,240.0,108.0,430.0,,,292.0,3231.0,,1287.0,,,772,12931.0,28.0,8942.0,,,,106.0,8421.0,88.0,11821.0,,,8641,1180.0,,2.0,8435.0,,,,11339.0,,,,5469.0,204.0,,,52.0,40.0,,,5325.0,28.0,,2.0,12274.0,856.0,,,4938.0,1064.0,,,280.0,2776,,4708,,,7.0,3122,116.0,,,,,3.0,,1991,118.0,361.0,92.0,,,4.0,1324,2282.0,,23.0,728.0,,,3.0,,585.0,228.0,,1.0,,859,,1663.0,,,11.0,52.0,,,,,,,,78.0,13.0,,,,,8.0,296.0,1599.0,,27.0,29.0,,,,8.0,,,,,,,,,,,,,,,124.0,72.0,,,,,413.0,251.0,,112.0,,,,404.0,,148.0,,20.0,84.0,,245.0,,,364.0,660.0,,92.0,,,481.0,3254.0,8.0,2209.0,,,,581.0,8214.0,24.0,5742.0,,,1.0,,,642.0,,,1862.0,24.0,1567.0,682.0,,5.0,27.0,,2335.0,56.0,,,7115.0,508.0,,,7078.0,1892.0,,,96.0,,,,418.0,,16.0,,,,,565,48.0,79.0,91.0,,,6.0,,,88.0,28.0,,,109.0,144.0,,,,,,,,,,,,,12.0,,,,,,,,,,,,,,,16.0,,,,,,,
_250m_16_days_VI_Quality_2025217_aid0001,aid0001,2025-08-05 00:00:00+00:00,,16354,,9991.0,,,7.0,3829.0,1412.0,4349.0,1525.0,,,10194.0,1909.0,7264.0,7976.0,,,262.0,80.0,,762.0,,,40.0,290.0,8.0,355.0,,,770.0,2223.0,129.0,680.0,,1.0,2963,3907.0,971.0,3594.0,,,6.0,158.0,1439.0,6.0,2304.0,,3.0,3978,3108.0,,1.0,4099.0,20132.0,,,5650.0,42014.0,,,842.0,487.0,,,31.0,136.0,,,2118.0,1379.0,,,5256.0,4412.0,,2.0,1762.0,445.0,,,,8426,40.0,1480,,,6.0,2061,,376.0,,,,100.0,,1691,142.0,455.0,284.0,,,98.0,1434,596.0,,6.0,24.0,613.0,,,,119.0,208.0,,1.0,186.0,2817,,96.0,,,92.0,367.0,,,,,,49.0,,413.0,,,,,,51.0,323.0,,,4.0,,,,,55.0,,,1.0,,,,,,,,,,196.0,,1302.0,52.0,156.0,128.0,,1.0,1945.0,244.0,564.0,1188.0,,,327.0,8.0,144.0,438.0,,,166.0,92.0,374.0,,1.0,1186.0,520.0,16.0,176.0,,,5010.0,1743.0,344.0,1168.0,,,1.0,511.0,3540.0,32.0,1625.0,,,3.0,,165.0,532.0,1020.0,,1494.0,4181.0,443.0,665.0,,41.0,216.0,,1269.0,341.0,,1.0,4248.0,2792.0,,,4880.0,531.0,,,,,,,589.0,,31.0,,,12.0,,502,88.0,304.0,92.0,,,7.0,,,,55.0,,,84.0,561.0,,7.0,7.0,,,,1.0,25.0,,,,7.0,159.0,,12.0,,,,5.0,,,,,,,,,66.0,,,1.0,,,,
_250m_16_days_VI_Quality_2025233_aid0001,aid0001,2025-08-21 00:00:00+00:00,28.0,6389,32.0,2049.0,,,2.0,14234.0,20.0,8101.0,72.0,,9.0,21864.0,24.0,42760.0,2004.0,,,80.0,,72.0,12.0,,,8.0,12.0,28.0,20.0,,,1543.0,8.0,1198.0,104.0,,,6086,295.0,2751.0,2885.0,,,,388.0,129.0,80.0,434.0,,,3176,1334.0,,1.0,2443.0,2221.0,,,1576.0,57862.0,,,12.0,428.0,,,12.0,8.0,,,1636.0,328.0,,,2032.0,9145.0,,,176.0,830.0,,,24.0,3499,32.0,1461,,,5.0,2858,,6060.0,,,,104.0,,1708,12.0,1965.0,12.0,,,59.0,2215,325.0,,10.0,96.0,400.0,,,,304.0,502.0,,2.0,113.0,1421,,467.0,,,68.0,282.0,,28.0,,,,50.0,,240.0,,36.0,,,,74.0,1403.0,140.0,,28.0,20.0,,,,57.0,,,1.0,,,,,,,,,,,,2234.0,,212.0,,,,1776.0,,1036.0,188.0,,,40.0,,42.0,,,4.0,14.0,,16.0,,,1464.0,12.0,48.0,,,,7819.0,330.0,754.0,322.0,,,,723.0,95.0,226.0,351.0,,,,12.0,,133.0,240.0,,224.0,2635.0,24.0,32.0,,11.0,28.0,,841.0,20.0,,1.0,3375.0,1756.0,,,461.0,463.0,,,36.0,,,,291.0,,32.0,,,2.0,,657,24.0,152.0,21.0,,,4.0,,,50.0,,,2.0,161.0,76.0,,,14.0,,,,13.0,66.0,,,,14.0,186.0,,,12.0,,,8.0,,,,,,12.0,,,57.0,,,,,,,
_250m_16_days_VI_Quality_2025249_aid0001,aid0001,2025-09-06 00:00:00+00:00,,87874,,16797.0,,,1.0,,,,,,,726.0,,,,,,13523.0,16.0,,,,,,238.0,113.0,48.0,,,,,,,,,2759,11.0,,,,,,19967.0,2331.0,164.0,1437.0,,3.0,23378,2858.0,,,,,,,40.0,,,,860.0,116.0,,,319.0,4.0,,,,,,,256.0,,,,9540.0,1006.0,,3.0,,8671,,1284,,,10.0,637,,,,,,,,1106,18.0,,58.0,,,5.0,2970,97.0,,2.0,120.0,,,,,269.0,4.0,,1.0,,1235,,265.0,,,4.0,31.0,,,,,,1.0,,166.0,,,,,,,1697.0,208.0,,12.0,24.0,,,,124.0,,,,1.0,,16.0,,,,52.0,20.0,,,,412.0,,,,,,630.0,,,,,,3613.0,16.0,,,,47.0,477.0,353.0,16.0,,,764.0,32.0,,,,,3654.0,124.0,,,,,,17037.0,2526.0,361.0,1292.0,,,2.0,48.0,,,,,124.0,,314.0,,,786.0,305.0,,268.0,,,,754.0,,,,9516.0,904.0,,,,,,,491.0,,,,,,,2450,12.0,,133.0,,,11.0,,,46.0,,,,830.0,8.0,,5.0,,,,,,44.0,,,,,421.0,,,,,,,,,,,,6.0,,,544.0,,,2.0,,,,
