File,aid,Date,14,18,68,72,74,273,277,1050,1054,2061,2062,2065,2066,2070,2111,2116,2118,2120,2122,2175,2185,2186,2189,2190,2239,2257,2258,2261,2262,2266,2303,2321,2322,2325,2326,2367,2376,2378,2380,2382,2431,2445,2446,2449,2450,2495,2517,2518,2521,2522,2526,2559,3098,3102,3135,3154,3158,3199,3222,3226,3263,3294,3298,3302,3327,3358,3362,3391,3414,3418,3455,3482,3486,3519,3554,3558,3562,3583,4109,4110,4113,4114,4118,4159,4164,4166,4168,4170,4172,4174,4223,4237,4287,4369,4370,4373,4374,4377,4378,4415,5146,5150,5154,5183,5202,5206,5210,5247,5274,5406,5410,5414,5439,6157,6158,6161,6162,6166,6207,6212,6214,6216,6218,6220,6222,6271,6285,6335,6353,6357,6361,6399,6417,6418,6421,6422,6425,6426,6463,6472,6613,6614,6617,6618,6655,7194,7198,7202,7231,7250,7254,7258,7295,7322,7390,7394,7398,7423,7454,7458,7462,7487,7551,7650,7654,7658,7679,33050,33053,33054,34086,34837,34838,34841,34842,34879,34892,34894,34896,34898,34943,34961,34962,34965,34966,35007,35033,35034,35037,35038,35042,35071,35097,35098,35101,35102,35135,35152,35154,35156,35158,35199,35221,35222,35225,35226,35263,35293,35294,35297,35298,35327,35874,35878,35930,35934,35967,35998,36002,36031,36070,36074,36095,36134,36138,36159,36190,36194,36223,36258,36262,36287,36330,36334,36351,36885,36886,36889,36890,36927,36940,36942,36944,36946,36948,36950,36991,37013,37145,37146,37149,37150,37153,37154,37183,37922,37926,37951,37978,37982,37986,38015,38182,38186,38190,38207,38933,38934,38937,38938,38942,38975,38988,38990,38992,38994,38996,38998,39039,39061,39129,39130,39133,39167,39193,39194,39197,39198,39201,39202,39231,39248,39389,39390,39393,39394,39423,39970,39974,39999,40026,40030,40034,40063,40098,40166,40170,40191,40230,40234,40238,40255,40286,40319,40426,40430,40434,40447,51199
_250m_16_days_VI_Quality_2022353_aid0001,aid0001,2022-12-19 00:00:00+00:00,,,,,,,,,,,93.0,,24.0,,7.0,36.0,,,,,31499.0,,,,2.0,50996.0,4775.0,108.0,412.0,,38.0,,,,,,,,,,,56.0,,,,,730.0,468.0,4.0,16.0,,13.0,250.0,12.0,14.0,24.0,,,13784.0,88.0,,44759.0,308.0,,66.0,,,,,,,16.0,,,394.0,9.0,,4.0,,2048,,2424,,935,46547.0,3212.0,19240.0,4293.0,,,133.0,,,6185,684.0,845.0,784.0,,,395.0,1741,1071,,446.0,29797.0,8885.0,,30.0,,3077.0,936.0,,123.0,,5893,,1685,,5623,6090.0,575.0,1188.0,160.0,,,155.0,,,5.0,,,,2931.0,108.0,437.0,443.0,,,252.0,,,,,,11.0,4663,1849,,887.0,3155.0,797.0,,20.0,,,,,,912.0,697.0,,58.0,,,12.0,,2.0,,,,,,,,,,,,,,,,,,,,227.0,281.0,24.0,,,94.0,,,,,,,,,,,16.0,,,,,100.0,310.0,4.0,,25.0,,,,,,,,,284.0,8.0,56.0,,,,,,,,,,258.0,,17.0,,,,,,1645.0,339.0,792.0,208.0,,,141.0,,1647.0,439.0,259.0,872.0,,,782.0,,,,1454.0,374.0,,106.0,2574.0,574,,415.0,,44.0,,24.0,,,1050.0,83.0,514.0,292.0,,,69.0,,6.0,,,,2847.0,343.0,262.0,516.0,,,211.0,,10.0,,3.0,,19.0,,,,620.0,495.0,,13.0,,,,,1841.0,830.0,,165.0,,,,,,,3341
_250m_16_days_VI_Quality_2023001_aid0001,aid0001,2023-01-01 00:00:00+00:00,,,,,,,,,,,377.0,,,,282.0,18216.0,,,,,151511.0,24.0,276.0,204.0,61.0,4626.0,971.0,207.0,12.0,,247.0,24.0,,,,,154.0,,,,2.0,1503.0,,17.0,8.0,6.0,518.0,40.0,4.0,,,10.0,95.0,8.0,38.0,559.0,,,3116.0,712.0,,1703.0,48.0,,82.0,,,,4.0,,,122.0,28.0,,155.0,12.0,,,,3352,,987,,2312,51557.0,3262.0,3665.0,417.0,,,406.0,,,7359,591.0,1026.0,208.0,,,333.0,2015,1081,,575.0,10990.0,1762.0,,28.0,,3238.0,920.0,,74.0,,6992,,1322,,8292,8379.0,330.0,299.0,168.0,,,245.0,,,,,,,3621.0,199.0,231.0,77.0,,,185.0,,,,,,,5022,1649,,1490.0,1571.0,363.0,,,,,,,,686.0,251.0,,41.0,,,10.0,,8.0,,,,,,,,,,,,,,,314.0,,,,16.0,105.0,12.0,4.0,,,39.0,,,,,,,,,,,210.0,,,,17.0,71.0,46.0,,,135.0,,,,,,,,,22.0,28.0,10.0,,,,,,,1.0,,4.0,41.0,,19.0,,,,,,2543.0,104.0,711.0,32.0,,,88.0,,2448.0,458.0,205.0,182.0,,,491.0,,,,1078.0,503.0,,13.0,1949.0,661,,126.0,67.0,,,,,8.0,1814.0,56.0,181.0,44.0,,,23.0,,,2.0,,,3815.0,345.0,143.0,182.0,,,246.0,,17.0,,,,30.0,,,,331.0,292.0,,21.0,,7.0,53.0,15.0,1597.0,508.0,,69.0,,,16.0,,,10.0,3479
_250m_16_days_VI_Quality_2023017_aid0001,aid0001,2023-01-17 00:00:00+00:00,,,,,,,,,,,106.0,,,,133.0,6114.0,,,,,79638.0,,,,34.0,73123.0,21.0,395.0,4.0,,160.0,3.0,,,,,114.0,,,,,601.0,,,,6.0,480.0,4.0,16.0,,,,90.0,,,20.0,,,310.0,,,8202.0,950.0,,,,,,,,,32.0,,,508.0,32.0,,,8.0,1246,,971,,886,73085.0,399.0,4874.0,2834.0,,,410.0,,,6635,130.0,472.0,563.0,,,411.0,544,670,,228.0,6034.0,8399.0,,51.0,,1369.0,1212.0,,60.0,132.0,3850,,949,,7692,11188.0,136.0,1021.0,222.0,,,221.0,,,,51.0,,51.0,3268.0,32.0,280.0,466.0,,,235.0,,,,10.0,,23.0,830,2031,,415.0,1457.0,1877.0,,15.0,,,4.0,,20.0,571.0,1071.0,,40.0,,,14.0,,6.0,,,,,,,,,,,,,,,47.0,,,,36.0,203.0,,28.0,8.0,,34.0,,,,,,8.0,,,,,156.0,,,,21.0,174.0,2.0,4.0,,5.0,,,,,,10.0,,2.0,204.0,48.0,,,,,,,,3.0,,,211.0,12.0,1.0,,,,,,1967.0,16.0,331.0,204.0,,,98.0,,1969.0,532.0,213.0,822.0,,,959.0,,,,543.0,1068.0,,92.0,1459.0,1880,,354.0,43.0,,,,,5.0,1252.0,8.0,727.0,587.0,,,25.0,,6.0,,3.0,27.0,3111.0,224.0,260.0,430.0,,,341.0,,5.0,,17.0,,100.0,,,,131.0,546.0,,29.0,,,2.0,2.0,1317.0,1528.0,,67.0,,,,11.0,,65.0,3391
_250m_16_days_VI_Quality_2023033_aid0001,aid0001,2023-02-02 00:00:00+00:00,,,1.0,,,,,,,,73.0,48.0,,,267.0,5754.0,,666.0,,,170756.0,,128.0,,157.0,164.0,,,,,211.0,8.0,,,,,87.0,,,,,686.0,,4.0,,30.0,29.0,,,,,31.0,,27.0,,,4.0,,179.0,,41.0,,20.0,,32.0,,,,,,,,,,,,,,,672,8.0,268,,899,89931.0,,6009.0,332.0,,,952.0,,,3378,,546.0,111.0,,,895.0,73,497,,85.0,1022.0,1183.0,,92.0,,166.0,556.0,,80.0,45.0,4477,253.0,604,,5531,17695.0,,4240.0,280.0,,,654.0,,,2.0,7.0,,7.0,3390.0,,717.0,24.0,,,908.0,,,,,1.0,8.0,339,551,,143.0,253.0,862.0,,49.0,,,,,,150.0,514.0,,61.0,,,,,,,,,,,,8.0,,,,,,,,58.0,,,,2.0,12.0,,,,,20.0,,,,,,,,,,,108.0,,,,36.0,4.0,,,,20.0,,,,,,,,16.0,,,,,,,,,,,,20.0,12.0,,,,,8.0,,,1977.0,,627.0,,,,477.0,,1308.0,,203.0,74.0,,,822.0,,,,44.0,448.0,,33.0,70.0,408,,99.0,8.0,,24.0,,,564.0,1379.0,,725.0,80.0,,,161.0,,,,4.0,5.0,3139.0,4.0,628.0,91.0,,,1948.0,,3.0,,,9.0,42.0,8.0,32.0,,55.0,359.0,,4.0,,,,,112.0,333.0,,81.0,,,,9.0,,12.0,3437
_250m_16_days_VI_Quality_2023049_aid0001,aid0001,2023-02-18 00:00:00+00:00,,,,,,,,,,,67.0,,15.0,,42.0,839.0,,,,,174092.0,,76.0,,57.0,993.0,,68.0,16.0,,11.0,,,,,,4.0,,,,,679.0,,8.0,,10.0,101.0,,4.0,,,3.0,175.0,12.0,5.0,,,,,,,173.0,4.0,,3.0,,,,,,,,,,16.0,12.0,,,,698,,359,,316,88282.0,,9952.0,168.0,,,365.0,,,3988,,465.0,303.0,,,399.0,679,474,,184.0,96.0,710.0,,,,370.0,651.0,,21.0,48.0,3340,,778,,1960,20084.0,,2734.0,52.0,,,656.0,,,,39.0,,4.0,3364.0,,618.0,42.0,,,436.0,,,,9.0,,27.0,5696,364,,579.0,88.0,1227.0,,5.0,,,,,,212.0,701.0,,,,,,,,,,,,,,,,,,,,,,152.0,,,,12.0,132.0,,,,,,,,,,,,,,,,47.0,,,,1.0,66.0,,,,42.0,,,,,,,,,20.0,,,,,,,,,,,,28.0,,20.0,,,,,,2132.0,,688.0,96.0,,,143.0,,1727.0,,208.0,921.0,,,416.0,,,,20.0,268.0,,18.0,346.0,1316,,190.0,,,24.0,,,,1163.0,,1052.0,,,,133.0,,,,1.0,,2534.0,,502.0,24.0,,,250.0,,,,17.0,8.0,59.0,,,,,368.0,,,,,,,529.0,1044.0,,34.0,,,,14.0,,34.0,3514
_250m_16_days_VI_Quality_2023065_aid0001,aid0001,2023-03-06 00:00:00+00:00,,,,,,,,,,,410.0,,16.0,,17.0,12460.0,,320.0,,,151234.0,,367.0,,145.0,10611.0,,188.0,,,,,,,,,105.0,,,,7.0,708.0,,15.0,,51.0,396.0,,57.0,,,10.0,12.0,4.0,8.0,,,,4.0,,,20.0,12.0,,,,,,,,,,7.0,1.0,25.0,4.0,,7.0,,1876,,427,,230,95737.0,,2368.0,,,,126.0,,,5486,,242.0,8.0,,,279.0,277,160,,40.0,100.0,491.0,,10.0,,175.0,300.0,,6.0,143.0,8440,12.0,1343,,3368,19374.0,,795.0,,,,100.0,,,,,,,5334.0,,414.0,,,,410.0,,2.0,,,,,1638,587,,76.0,173.0,1375.0,,14.0,,,,,,192.0,439.0,,12.0,,,,,,,,,,,,,,,,,,,,42.0,,,,40.0,152.0,,8.0,,,12.0,,,,,,20.0,,,,,158.0,,,,14.0,111.0,,9.0,,20.0,,,,,,,,,,,,,,,,,,,,,,,4.0,,,,,,3065.0,,230.0,,,,70.0,,1818.0,,218.0,24.0,,,708.0,,,,43.0,96.0,,16.0,271.0,638,,25.0,56.0,,4.0,,,308.0,2001.0,,250.0,,,,84.0,,,,11.0,11.0,3398.0,,317.0,24.0,,,836.0,,,,11.0,,13.0,,,,48.0,137.0,,,,,,,370.0,536.0,,12.0,,,,,,,3610
_250m_16_days_VI_Quality_2023081_aid0001,aid0001,2023-03-22 00:00:00+00:00,,,,,,,,1.0,,,920.0,,120.0,,178.0,3632.0,,136.0,,,120497.0,,22968.0,,60.0,7556.0,,1903.0,,,24.0,,,,,,48.0,,24.0,,,3808.0,,1054.0,,5.0,2492.0,4.0,308.0,,,36.0,463.0,112.0,47.0,,,,,,,31.0,20.0,,1.0,,,,,,,36.0,,,177.0,57.0,,21.0,,4781,,2249,,828,69232.0,,25664.0,8.0,,,107.0,,,8436,,4368.0,29.0,,,411.0,1285,806,,133.0,4.0,72.0,,,,44.0,162.0,,2.0,33.0,7950,,2278,,4249,15545.0,,5404.0,,,,196.0,,,14.0,,,18.0,6515.0,,1272.0,47.0,,,590.0,,11.0,,4.0,,31.0,2167,806,,508.0,84.0,252.0,,,,,,,,115.0,140.0,,5.0,,,15.0,,16.0,,,,,,,,,,,,,,,124.0,,132.0,,,35.0,,212.0,,,,4.0,,,,,,,,,,284.0,,40.0,,,593.0,12.0,61.0,,44.0,,,,,,,,,14.0,,6.0,,,,,,,45.0,,23.0,187.0,12.0,16.0,,,,,,1189.0,,756.0,,,,46.0,,1727.0,,677.0,24.0,,,155.0,,,,,4.0,,,24.0,78,,1.0,54.0,,,,,10.0,908.0,,281.0,4.0,,,59.0,,2.0,,,21.0,2384.0,,457.0,64.0,,,206.0,,19.0,,,,110.0,,,,24.0,92.0,,2.0,,,,,150.0,200.0,,4.0,,,,62.0,,24.0,3710
_250m_16_days_VI_Quality_2023097_aid0001,aid0001,2023-04-07 00:00:00+00:00,,,1.0,,,,,,,,220.0,,,,64.0,35936.0,,12.0,,,129206.0,,164.0,,3.0,144.0,,84.0,,,,,,,,,16.0,,,,,368.0,,16.0,,12.0,36.0,,4.0,,,,24.0,,,,,,,,,,8.0,,,,,,,,,,,,,,,,,769,,309,,68,104982.0,69.0,15281.0,,,,57.0,,,1618,12.0,754.0,,,,73.0,25,61,,,,44.0,,,,,30.0,,,3322.0,6243,131.0,1134,,356,25989.0,132.0,5882.0,,,,93.0,,,,,,,2475.0,16.0,1294.0,,,,103.0,,,,,,,130,64,,,,34.0,,,,,,,,,60.0,,,,,,,,,,,,,,,,,,,,,,4.0,,,,,48.0,,8.0,,,,,,,,,,,,,,155.0,,,,21.0,16.0,,12.0,,,,,,,,,,,,,,,,,,,,,,,,,,,,,,,571.0,,643.0,,,,21.0,,711.0,,564.0,,,,111.0,,,,,108.0,,,,399,,,336.0,,64.0,,,24.0,898.0,63.0,624.0,,,,34.0,,,,,1.0,1168.0,48.0,1239.0,,,,154.0,,,,,,,,,,,36.0,,,,,,,,300.0,,,,,,,,,3452
_250m_16_days_VI_Quality_2023113_aid0001,aid0001,2023-04-23 00:00:00+00:00,,,,,,,,,,,432.0,,7.0,,34.0,46960.0,,1012.0,,,114872.0,,3051.0,,46.0,661.0,,1045.0,,,15.0,,,,,,137.0,,,,,664.0,,8.0,,56.0,72.0,,12.0,,,8.0,28.0,,,,,,,,,,,,,,,,,,,,,,,,,,,2659,,144,,476,97018.0,4.0,15280.0,,,,447.0,,,4614,28.0,405.0,,,,482.0,75,44,,16.0,,199.0,,1.0,,,20.0,,,336.0,9244,,402,,1554,18531.0,,6477.0,12.0,,,472.0,,,,50.0,,78.0,5995.0,337.0,426.0,4.0,,,790.0,,4.0,,,,4.0,1040,94,,56.0,28.0,156.0,,12.0,,,,,3.0,16.0,62.0,,,,,,,,,,,,,,,,,16.0,,,,,41.0,,,,23.0,,,20.0,,,,,,,,,4.0,8.0,,,,115.0,4.0,,,97.0,33.0,,8.0,8.0,9.0,,,,,,,,,,,,,,,,,,,,4.0,12.0,,,,,,,,297.0,,689.0,,,,182.0,,411.0,4.0,387.0,,,,338.0,,,,,10.0,,6.0,52.0,68,,28.0,122.0,156.0,,,,368.0,373.0,,1085.0,,,,194.0,,,,14.0,73.0,993.0,269.0,482.0,,,,953.0,,9.0,,16.0,,19.0,,,,,22.0,,1.0,,,,,70.0,84.0,,17.0,,,,,,2.0,3566
_250m_16_days_VI_Quality_2023129_aid0001,aid0001,2023-05-09 00:00:00+00:00,1.0,1.0,,1.0,,,,,5.0,,557.0,1867.0,4.0,,,4852.0,4.0,26693.0,,,68420.0,,26497.0,12.0,,5590.0,,13681.0,,,,,,16.0,,,72.0,,12.0,,,756.0,,,,,781.0,52.0,184.0,20.0,,,299.0,360.0,1.0,,340.0,,288.0,1304.0,,241.0,76.0,,,,,,,,,12.0,4.0,,20.0,52.0,,,,3213,105.0,619,,64,35840.0,247.0,81136.0,,,,7.0,,,1688,94.0,2392.0,,,,109.0,928,426,,9.0,2754.0,792.0,,4.0,,47.0,251.0,,28.0,642.0,7592,,2471,,343,6791.0,430.0,14993.0,44.0,,,76.0,,,,,,,2886.0,530.0,3091.0,,,,178.0,6.0,,,,,,2955,712,,74.0,339.0,98.0,,1.0,,,,,,115.0,497.0,,9.0,,,,,,,,1.0,,,,,,,,,36.0,,,20.0,,4.0,,,118.0,,200.0,,,,,,,,,,,,,,68.0,32.0,,,,489.0,36.0,92.0,60.0,,,,,,,,,,,,,,,,,,,,9.0,7.0,76.0,200.0,,,,,,,450.0,33.0,3736.0,,,,,,692.0,103.0,2572.0,,,,27.0,,,,35.0,52.0,,,120.0,478,,5.0,90.0,20.0,,,,2.0,459.0,70.0,2013.0,,,,3.0,,,,,,967.0,501.0,3157.0,,,,69.0,2.0,,,,,,8.0,16.0,,15.0,53.0,,3.0,,,,,74.0,387.0,,4.0,,,,,,,3396
_250m_16_days_VI_Quality_2023145_aid0001,aid0001,2023-05-25 00:00:00+00:00,2.0,,,,,,,,,,3010.0,24.0,64.0,,116.0,2392.0,,,,,58444.0,,152.0,,25.0,39548.0,56.0,26887.0,,,,,20.0,,,,84.0,,,,,11893.0,20.0,,,33.0,13710.0,172.0,815.0,72.0,,16.0,1196.0,165.0,5.0,,,,,,,1255.0,2400.0,,,,12.0,,,,,84.0,,,960.0,1533.0,,,,13417,,518,,581,35699.0,7.0,42457.0,,,,45.0,,,13695,72.0,1861.0,4.0,,,190.0,2116,813,,91.0,120.0,1428.0,,,,243.0,408.0,,4.0,1332.0,14156,,523,,2788,6664.0,40.0,4917.0,,,,32.0,,,,,,,5660.0,580.0,927.0,,,,393.0,,,,,,,2482,1213,,251.0,358.0,749.0,,,,,,,,369.0,464.0,,7.0,,,,,,,,,,,,,,,12.0,,,,,496.0,,,,,337.0,4.0,298.0,,,12.0,,,,,,4.0,,,,,1376.0,20.0,,,50.0,3184.0,56.0,88.0,16.0,25.0,,,,,,,,,,112.0,,,,,,,,,,,252.0,468.0,,,,,,,787.0,24.0,2826.0,,,,38.0,,2218.0,191.0,1376.0,,,,170.0,,,,,64.0,,,40.0,600,,7.0,69.0,24.0,,,,120.0,287.0,129.0,862.0,,,,7.0,,,,,,2551.0,1102.0,1321.0,20.0,,,903.0,,,,,,4.0,,35.0,,36.0,,,,,,,,266.0,479.0,,26.0,,,,,,4.0,3522
_250m_16_days_VI_Quality_2023161_aid0001,aid0001,2023-06-10 00:00:00+00:00,,4.0,,,,,,,,,23545.0,,7679.0,,4.0,530.0,,,,2.0,692.0,,5398.0,,,787.0,264.0,53684.0,,,,,72.0,,4.0,,411.0,,,,1.0,1092.0,64.0,960.0,,1.0,1168.0,2988.0,14002.0,150.0,,20.0,17735.0,6031.0,4.0,64.0,,,156.0,220.0,,687.0,868.0,,,60.0,,,444.0,,,1281.0,172.0,1.0,7376.0,2050.0,,,,34857,,20481,,44,2964.0,,7802.0,,,,5.0,,,1571,,5168.0,36.0,,,,31075,7218,,71.0,32.0,212.0,,,,114.0,372.0,,10.0,,25779,,6486,,315,752.0,,360.0,,,,24.0,,,,,,,533.0,,116.0,,,,7.0,,3.0,,,,2.0,14605,3550,,92.0,56.0,,,,,,,,,87.0,,,,,,,,,,,,,,8.0,,,,88.0,,,,,164.0,,216.0,,,417.0,284.0,1045.0,,,,20.0,263.0,,11.0,,259.0,,,,,1225.0,40.0,112.0,,1.0,1379.0,4613.0,4191.0,368.0,,,,44.0,,,40.0,,,802.0,236.0,,156.0,29.0,,191.0,,,593.0,4.0,,6648.0,2284.0,,,,,,,406.0,,756.0,,,,,,1306.0,112.0,980.0,48.0,,,2.0,,,,59.0,136.0,,1.0,212.0,206,,2.0,,,36.0,,,,4.0,,36.0,,,,,,,,,,258.0,11.0,240.0,4.0,,,1.0,,13.0,2.0,,,4.0,,,,,48.0,,,,,,,28.0,76.0,,,,,,,,12.0,3545
_250m_16_days_VI_Quality_2023177_aid0001,aid0001,2023-06-26 00:00:00+00:00,,,,,,,,,,,52479.0,,38327.0,,57.0,452.0,,,,,636.0,200.0,160.0,,,44.0,28.0,36.0,,,,,423.0,22.0,1426.0,,200.0,48.0,,,,1764.0,1233.0,88.0,145.0,1.0,663.0,1046.0,40.0,1334.0,,14.0,17014.0,4559.0,13.0,392.0,,,3353.0,174.0,,44.0,36.0,,,246.0,1620.0,,604.0,,,7371.0,635.0,2.0,1840.0,718.0,,56.0,80.0,40811,524.0,44852,,222,128.0,,,,,,,,,1163,136.0,3932.0,377.0,,,4.0,8398,7069,,127.0,140.0,94.0,,,,192.0,645.0,,8.0,,21518,,19761,,513,,,,,,,,,,,,,,55.0,,,,,,1.0,,,,,,,6001,4922,,362.0,,17.0,,,,,,,,40.0,16.0,,,,,,,,,,,,,,,52.0,,248.0,,,,,404.0,36.0,136.0,,,,20.0,124.0,,,,40.0,889.0,248.0,1133.0,,268.0,,,,,2594.0,1086.0,362.0,52.0,6.0,527.0,2815.0,705.0,1966.0,8.0,112.0,588.0,136.0,,,1063.0,564.0,,208.0,112.0,,967.0,1381.0,,616.0,,,8563.0,1192.0,20.0,4305.0,1901.0,13.0,,,372.0,,,236.0,,76.0,,,,,,1538.0,135.0,3303.0,1522.0,,,8.0,,16.0,,32.0,94.0,,,452.0,1086,,35.0,,,,,,,,,,,,,,,,,,,159.0,44.0,,,,,1.0,,,,,,,,,,,,,,,,,,54.0,16.0,,,,,,,,,3475
_250m_16_days_VI_Quality_2023193_aid0001,aid0001,2023-07-12 00:00:00+00:00,1.0,,,,,,,6.0,,,34835.0,,12795.0,,15.0,1531.0,16.0,20.0,,2.0,1954.0,22.0,1140.0,48.0,,,12.0,,,,,33.0,169.0,89.0,355.0,4.0,6015.0,124.0,558.0,4.0,13.0,13144.0,1571.0,2734.0,888.0,22.0,233.0,681.0,365.0,299.0,,,25272.0,5499.0,12.0,978.0,,,957.0,508.0,,32.0,64.0,,,154.0,699.0,,4500.0,332.0,8.0,15129.0,2197.0,,1293.0,930.0,,1.0,64.0,50446,812.0,20089,,469,1910.0,4.0,978.0,,,,107.0,,,6699,84.0,3067.0,113.0,,,149.0,13810,4399,,333.0,56.0,68.0,,,,189.0,676.0,,12.0,221.0,24803,,6928,,1197,1179.0,,44.0,,,,126.0,,,,,,,2867.0,49.0,243.0,10.0,,,558.0,,,,,4.0,,9732,2842,,739.0,20.0,,,,,,,,,112.0,34.0,,6.0,,,,,1.0,,,,,,,,,,216.0,,,,,569.0,,512.0,,,40.0,,,,,,56.0,293.0,36.0,464.0,,2852.0,68.0,96.0,2.0,6.0,10433.0,1139.0,2531.0,402.0,16.0,621.0,909.0,609.0,470.0,,4.0,124.0,24.0,,,300.0,184.0,,19.0,57.0,,373.0,1057.0,,779.0,70.0,,11130.0,1497.0,,2042.0,1385.0,,20.0,,376.0,,,117.0,,148.0,,,,9.0,,2753.0,275.0,3043.0,254.0,,,71.0,,54.0,11.0,20.0,20.0,,,294.0,1216,,9.0,,,30.0,,,10.0,,,,,,,,,,,,,583.0,153.0,310.0,12.0,,,164.0,,,,8.0,8.0,4.0,,,,,,,,,,,,91.0,261.0,,30.0,,,,4.0,,,3510
_250m_16_days_VI_Quality_2023209_aid0001,aid0001,2023-07-28 00:00:00+00:00,3.0,,,,,,,,,,77928.0,,16435.0,,5.0,404.0,2489.0,112.0,262.0,,395.0,2586.0,432.0,2104.0,1.0,,172.0,,52.0,,,124.0,2476.0,,900.0,,580.0,312.0,20.0,,,1755.0,3624.0,302.0,832.0,11.0,264.0,3284.0,,300.0,,3.0,10220.0,4461.0,5.0,1046.0,451.0,1.0,2832.0,998.0,3.0,90.0,24.0,,3.0,354.0,200.0,,302.0,39.0,2.0,6091.0,764.0,2.0,1482.0,224.0,,1.0,,63666,,22807,,191,2041.0,144.0,551.0,,,,42.0,,,2572,579.0,898.0,332.0,,,36.0,9270,5282,,167.0,153.0,,,3.0,,365.0,114.0,,11.0,171.0,38126,77.0,2802,,566,954.0,136.0,100.0,,,,99.0,,,,,,,920.0,176.0,203.0,12.0,,,121.0,,,,,,,6292,1307,,298.0,139.0,,,9.0,,,,,,235.0,161.0,,47.0,,,,,,,,,,,532.0,,680.0,,256.0,224.0,40.0,32.0,,147.0,504.0,232.0,200.0,1.0,,56.0,,,,,8.0,1288.0,,1524.0,,795.0,108.0,,,1.0,1862.0,2653.0,288.0,404.0,6.0,126.0,3444.0,86.0,1000.0,3.0,36.0,144.0,97.0,44.0,,688.0,404.0,,92.0,40.0,,688.0,448.0,,176.0,,,4837.0,852.0,3.0,2311.0,814.0,,,40.0,,,,349.0,113.0,176.0,,,,3.0,,1636.0,607.0,2214.0,783.0,,,7.0,,,,,,,,333.0,687,,4.0,,,,,,,73.0,120.0,63.0,,,,11.0,,,,,,308.0,322.0,190.0,8.0,,,3.0,,,,,,,,,,,,,,,,,,80.0,36.0,,,,,,,,,3488
_250m_16_days_VI_Quality_2023225_aid0001,aid0001,2023-08-13 00:00:00+00:00,,,,,,,,,,,95584.0,,12439.0,,,,,,,,52.0,80.0,,,,2035.0,328.0,92.0,,,,,554.0,,463.0,,20.0,,,,,77.0,64.0,173.0,,,2463.0,3345.0,308.0,264.0,,,12053.0,4997.0,,,,,1837.0,,,11146.0,,,,301.0,706.0,,,,,1000.0,204.0,1.0,10520.0,974.0,,,,66784,,20022,,11,1430.0,,,,,,,,,1745,88.0,387.0,128.0,,,17.0,10236,3269,,16.0,252.0,,,,,725.0,375.0,,,114.0,38904,,7298,,19,24.0,,,,,,,,,,,,,567.0,,60.0,,,,41.0,,,,,15.0,,4787,1770,,25.0,68.0,,,,,,,,,248.0,,,,,,,,,,,,,,32.0,,,,,,,,,188.0,,,,,1164.0,100.0,84.0,,,,,661.0,,280.0,,,,,,,388.0,36.0,80.0,8.0,,2920.0,2562.0,500.0,429.0,,,,,,,264.0,,,992.0,28.0,,338.0,408.0,,8.0,,,660.0,178.0,,7187.0,1158.0,,,,,,,178.0,,,,,,,,426.0,143.0,1070.0,236.0,,,6.0,,,,36.0,,,,275.0,1124,,12.0,24.0,,,,,,16.0,,,,,,,,,,,,214.0,16.0,56.0,8.0,,,4.0,,,,,,,,,,,,,,,,,,152.0,28.0,,,,,,,,,3583
_250m_16_days_VI_Quality_2023241_aid0001,aid0001,2023-08-29 00:00:00+00:00,,,,,,,,,,,19864.0,,3858.0,,2.0,3516.0,,,,6.0,6342.0,,52.0,60.0,15.0,6388.0,341.0,28.0,2096.0,,,,78.0,,20.0,,3497.0,,,,25.0,9539.0,37.0,,668.0,4.0,4567.0,1261.0,8.0,5217.0,,,23645.0,611.0,2.0,1066.0,,,3660.0,1356.0,1.0,11791.0,6025.0,,,30.0,,,1913.0,,6.0,13015.0,1333.0,10.0,25531.0,2367.0,,,,39548,,5197,,197,8272.0,,647.0,1084.0,,,147.0,,,13419,115.0,240.0,779.0,,,366.0,21270,561,,160.0,1422.0,2408.0,,8.0,,3634.0,479.0,,51.0,42.0,20332,29.0,1538,,639,1660.0,,426.0,44.0,,,109.0,,,,,,,4826.0,19.0,320.0,64.0,,,410.0,,,,,,,16833,438,,436.0,750.0,100.0,,3.0,,,,,,1748.0,44.0,,28.0,,,,,,,,,,,8.0,,8.0,,141.0,,,,7.0,311.0,,2.0,,,100.0,32.0,,160.0,,,4.0,261.0,4.0,110.0,,368.0,,,,,3467.0,148.0,,13.0,1.0,866.0,1696.0,52.0,2825.0,,,,20.0,,,44.0,,,387.0,204.0,,76.0,8.0,,368.0,,,3583.0,60.0,,9705.0,445.0,4.0,,,,,,771.0,,28.0,102.0,,,32.0,,3040.0,229.0,130.0,255.0,,,120.0,,,,428.0,128.0,,,1303.0,56,,40.0,5.0,4.0,41.0,,,11.0,84.0,,,,,,16.0,,,,,,1419.0,37.0,94.0,76.0,,,122.0,,,,,,,8.0,,,132.0,,,,,,,,995.0,40.0,,41.0,,,,,,,3797
_250m_16_days_VI_Quality_2023257_aid0001,aid0001,2023-09-14 00:00:00+00:00,2.0,1.0,,,,,,,,,34817.0,,13420.0,,159.0,,,508.0,,,1445.0,,2511.0,,,356.0,,5630.0,,,,,56.0,182.0,154.0,,36.0,,620.0,,,4190.0,18.0,6342.0,,13.0,3502.0,170.0,11565.0,353.0,,5.0,14863.0,19547.0,29.0,,,,,44.0,,21.0,1609.0,,4.0,47.0,283.0,,8.0,32.0,,481.0,494.0,8.0,1159.0,11557.0,,7.0,,34994,,35041,,848,604.0,,3882.0,,,,12.0,,,3837,24.0,11109.0,156.0,,,332.0,6100,15521,,214.0,,199.0,,,,56.0,685.0,,17.0,,18594,,9964,,3121,121.0,,318.0,,,,33.0,,,,,,,833.0,,1383.0,50.0,,,413.0,,,1.0,,,3.0,8583,5514,,1186.0,,108.0,,8.0,,,,,,191.0,702.0,,142.0,,,,,,,,,,,,60.0,,,,,84.0,,,559.0,32.0,356.0,,4.0,53.0,,2663.0,,,,20.0,207.0,610.0,105.0,,40.0,12.0,36.0,,4.0,10029.0,90.0,1131.0,,32.0,2602.0,700.0,5275.0,518.0,8.0,,,,,,60.0,,,,314.0,,197.0,660.0,,183.0,,3.0,2315.0,35.0,40.0,2347.0,4107.0,,,,,,,152.0,,324.0,,,,14.0,,1996.0,28.0,3111.0,271.0,,,82.0,,,,,13.0,,,70.0,1002,,11.0,,,,,,8.0,,,,,,,7.0,,,,,,529.0,,844.0,27.0,,,300.0,,,10.0,,,2.0,,,,,4.0,,,,,,,61.0,490.0,,125.0,,,,6.0,,4.0,3608
_250m_16_days_VI_Quality_2023273_aid0001,aid0001,2023-09-30 00:00:00+00:00,,,,,,,,,,,10912.0,,600.0,,2.0,3627.0,,,,1.0,135272.0,,,,50.0,5277.0,,196.0,,,,7.0,24.0,8.0,,,404.0,,,,,13960.0,,,,9.0,3796.0,110.0,,8.0,,1.0,5660.0,139.0,,,,,,,,56.0,1640.0,,,107.0,,,,,,6.0,,,477.0,320.0,,,,23937,,5179,,127,38403.0,,1473.0,,,,136.0,,,9827,12.0,163.0,100.0,,,184.0,4452,1843,,9.0,,1640.0,,,,20.0,809.0,,,108.0,19912,,8160,,655,7106.0,,992.0,,,,168.0,,,,,,,4489.0,,44.0,,,,207.0,,,,,,,3578,1461,,112.0,,743.0,,,,,,,,40.0,629.0,,,,,,,,,,,,,,,,,32.0,,,,,916.0,,,,,532.0,,,,,,12.0,26.0,46.0,4.0,,135.0,,,,17.0,3275.0,,,,34.0,3184.0,88.0,4.0,78.0,2.0,24.0,26.0,,,,,,,334.0,64.0,,222.0,149.0,,,,,42.0,,5.0,1663.0,90.0,4.0,188.0,,149.0,,,2903.0,,357.0,,,,34.0,,4315.0,128.0,572.0,314.0,,,45.0,,,,36.0,296.0,,,156.0,755,,,259.0,,,,,17.0,929.0,,57.0,,,,12.0,,,,,,3230.0,4.0,57.0,,,,129.0,,,,,,,,,,,328.0,,,,,,,92.0,647.0,,,,,,,,,3357
_250m_16_days_VI_Quality_2023289_aid0001,aid0001,2023-10-16 00:00:00+00:00,,,,,,,,,,42.0,12.0,,,,118.0,92395.0,,,,634.0,91346.0,,,,83.0,111.0,,,,,9.0,3.0,,,,65.0,102.0,,,,70.0,45.0,,,,7.0,4.0,,,,,,,,,4.0,,4.0,19.0,,25.0,12.0,,,,,,,,,,,,,,,,,99.0,163,,30,,128,94139.0,,5518.0,,,,2416.0,,,1113,,99.0,,,,830.0,21,33,,3.0,43.0,968.0,,19.0,,13.0,84.0,,15.0,249.0,1085,,58,,5719,21754.0,,4156.0,,,,654.0,,,,,,,2682.0,,522.0,,,,3142.0,,,,,,,121,84,,18.0,137.0,2597.0,,45.0,,,,,,22.0,448.0,,44.0,,,,,,,,,,,,,,36.0,20.0,,,,68.0,4.0,,,,,4.0,,,,,,,,,,56.0,41.0,,,,31.0,28.0,,,,,4.0,,,,,,,,,,,,,,,,,,,,,,,,,,,,,,,,35.0,666.0,,28.0,,,,369.0,,507.0,,73.0,,,,788.0,,,,10.0,84.0,,2.0,62.0,103,,20.0,205.0,,,,,1207.0,860.0,,459.0,,,,144.0,,,,,,2190.0,,278.0,,,,2821.0,,,,,,,4.0,,,9.0,136.0,,3.0,,,,,82.0,269.0,,50.0,,,,,,,3620
_250m_16_days_VI_Quality_2023305_aid0001,aid0001,2023-11-01 00:00:00+00:00,,,,,,,,,,,67.0,,,,85.0,38249.0,,,,277.0,143593.0,,8.0,,700.0,24.0,,28.0,,,,18.0,,,,2.0,323.0,,,,9.0,147.0,,,,37.0,,,,,,,,,,14.0,,6.0,36.0,,72.0,,21.0,,3.0,,,,,,,,,,,,,,67.0,185,,94,,210,93275.0,,3523.0,224.0,,,3372.0,,,1819,,312.0,35.0,,,731.0,99,106,,27.0,380.0,1059.0,,209.0,,30.0,167.0,,55.0,252.0,1080,,165,,6950,20204.0,,2579.0,442.0,,,1333.0,,,,,,,2830.0,,364.0,16.0,,,2453.0,,,,,,,150,322,,129.0,572.0,2010.0,,228.0,,,,,,19.0,378.0,,84.0,,,,,,,,,,,,,,,8.0,,,,120.0,50.0,,,,6.0,,,,,,,,,,,16.0,65.0,,,,79.0,36.0,,,,92.0,,,,,,,,2.0,,2.0,,,,,,,,,,,,,,,,,,,,,,,,1068.0,,281.0,32.0,,,475.0,,711.0,,96.0,4.0,,,568.0,,,,36.0,216.0,,48.0,74.0,285,,146.0,246.0,,,,,1442.0,1158.0,,190.0,68.0,,,140.0,,,,,,1891.0,,246.0,123.0,,,2484.0,,,,,,4.0,,,,14.0,354.0,,13.0,,,,,106.0,796.0,,127.0,,,,,,,3585
_250m_16_days_VI_Quality_2023321_aid0001,aid0001,2023-11-17 00:00:00+00:00,,,,,,,,,,45.0,18.0,,,,161.0,160173.0,,,,150.0,24808.0,,46.0,,21.0,75.0,,8.0,,,1.0,12.0,,,,12.0,66.0,,,,2.0,66.0,,,,6.0,17.0,,,,,27.0,61.0,,27.0,87.0,,25.0,80.0,4.0,20.0,40.0,28.0,,264.0,,,,,,,,,,4.0,,,,7.0,243,,101,,1616,94140.0,,1887.0,,,,2093.0,,,612,,23.0,,,,403.0,263,627,,685.0,514.0,114.0,,119.0,,102.0,148.0,,130.0,2231.0,1091,,180,,9362,24877.0,,459.0,,,,2570.0,,,,,,,1001.0,,111.0,,,,488.0,,,,,,4.0,1788,764,,1539.0,824.0,23.0,,260.0,,,,,,184.0,298.0,,133.0,,,,,,,,,,,,,,,16.0,,,,,,,,,12.0,4.0,,,,,,,,,,28.0,12.0,,,,32.0,20.0,,,,68.0,,,,,92.0,,,,,,,,,9.0,,19.0,,,,,,,4.0,,16.0,3.0,,37.0,,,,,,260.0,,110.0,,,,104.0,,257.0,,102.0,,,,1205.0,,,,71.0,77.0,,28.0,133.0,169,,445.0,4.0,,,,,100.0,459.0,,204.0,,,,111.0,,,,,,674.0,,145.0,,,,1395.0,,,,,,8.0,,,,36.0,216.0,,60.0,,,,,251.0,306.0,,433.0,,,,,,,3622
_250m_16_days_VI_Quality_2023337_aid0001,aid0001,2023-12-03 00:00:00+00:00,,,,,,,,,,8.0,595.0,,282.0,,50.0,1937.0,,9.0,,,78186.0,20.0,3.0,,25.0,74800.0,,676.0,32.0,,7.0,1.0,,,,,216.0,104.0,16.0,,,935.0,52.0,8.0,,15.0,132.0,,704.0,587.0,,9.0,70.0,105.0,9.0,576.0,,,13415.0,,2.0,1556.0,490.0,,9.0,,,,75.0,3.0,,152.0,81.0,,43.0,1189.0,,1.0,9.0,2388,,4623,,1606,61248.0,,4815.0,1428.0,,,190.0,,,6896,4.0,378.0,12.0,,,215.0,951,2672,,495.0,9013.0,6575.0,,23.0,,1090.0,1016.0,,54.0,297.0,6154,,10966,,3433,9801.0,,411.0,40.0,,,170.0,,,,,,,3961.0,,162.0,104.0,,,231.0,,,,,,,1180,3466,,999.0,2070.0,421.0,,11.0,,,,,,570.0,355.0,,62.0,,,,,,,,,,,,,,,59.0,,,,,167.0,,,,5.0,233.0,,,,,1.0,,,,,,31.0,24.0,124.0,,5.0,97.0,108.0,,,7.0,30.0,32.0,130.0,190.0,6.0,,,24.0,,,67.0,,5.0,34.0,,2.0,,,,28.0,52.0,,156.0,156.0,,24.0,625.0,11.0,,,,,,2252.0,,104.0,20.0,,,50.0,,2514.0,23.0,321.0,56.0,,,218.0,,,,409.0,510.0,,13.0,847.0,349,,48.0,54.0,,,,,30.0,1579.0,,28.0,60.0,,,60.0,,,,,,3671.0,55.0,131.0,258.0,,,364.0,,,,,,,12.0,,,346.0,230.0,,76.0,,,,,898.0,349.0,,95.0,,,,,,,3552
_250m_16_days_VI_Quality_2023353_aid0001,aid0001,2023-12-19 00:00:00+00:00,,,,,,,,,,164.0,100.0,,8.0,,233.0,46775.0,,,,38.0,121010.0,,1031.0,32.0,129.0,12052.0,36.0,2290.0,,,140.0,54.0,,,,10.0,375.0,,8.0,,9.0,611.0,,,,18.0,151.0,,24.0,,,15.0,51.0,4.0,1.0,768.0,,,883.0,243.0,,781.0,59.0,,,,,,,,,16.0,4.0,,118.0,76.0,,2.0,299.0,1505,,951,,1095,69038.0,,4488.0,432.0,,,949.0,,,8579,28.0,181.0,449.0,,,414.0,869,671,,314.0,1125.0,1533.0,,27.0,,1119.0,941.0,,60.0,681.0,4411,,1725,,6075,14725.0,,479.0,252.0,,,494.0,,,,,,,4634.0,8.0,297.0,313.0,,,836.0,,,,,,28.0,1929,1470,,798.0,455.0,358.0,,11.0,,,,,,405.0,457.0,,53.0,,,,,,,,,,,,,,,17.0,,,,3.0,76.0,,,,68.0,3.0,,,,,81.0,1.0,,,,3.0,24.0,,,,4.0,113.0,,,,15.0,12.0,8.0,,,,,,,,,,,,,4.0,,,,,,,,14.0,4.0,22.0,8.0,,,20.0,,,,,3058.0,,33.0,80.0,,,280.0,,2305.0,36.0,90.0,504.0,,,1188.0,,,,200.0,493.0,,27.0,464.0,888,,244.0,287.0,,,,,350.0,2297.0,,232.0,52.0,,,192.0,,1.0,,,1.0,2951.0,35.0,226.0,287.0,,,2024.0,,10.0,,,,199.0,,,,104.0,285.0,,11.0,,,,,512.0,821.0,,148.0,,,,,,8.0,3534
_250m_16_days_VI_Quality_2024001_aid0001,aid0001,2024-01-01 00:00:00+00:00,,,,,,,,,,32.0,185.0,,4.0,,116.0,41597.0,,,,,28737.0,160.0,,,4.0,85290.0,1724.0,468.0,,,39.0,20.0,,,,,340.0,,,,,533.0,,,,20.0,556.0,352.0,3.0,40.0,,6.0,423.0,,31.0,307.0,,,2305.0,,,15493.0,61.0,,13.0,,,,,,,24.0,,,425.0,,,,56.0,3361,,446,,829,64181.0,564.0,5660.0,765.0,,,323.0,,,8790,400.0,594.0,239.0,,,266.0,2445,361,,291.0,7979.0,3966.0,,23.0,,1728.0,739.0,,36.0,24.0,9949,,895,,3017,11612.0,32.0,953.0,88.0,,,149.0,,,15.0,,,52.0,3533.0,144.0,133.0,152.0,,,397.0,,4.0,,,,57.0,5876,784,,495.0,1376.0,1120.0,,18.0,,,,,,1110.0,660.0,,24.0,,1.0,10.0,,9.0,,,,,,,,,,16.0,,,,,102.0,,,,2.0,196.0,76.0,,,,30.0,,,,,,,,,,,163.0,,,,57.0,105.0,98.0,,32.0,26.0,,,,,,,,,128.0,,,,,,,,,,,,175.0,,9.0,56.0,,,,,2224.0,216.0,330.0,280.0,,,199.0,,1929.0,255.0,363.0,165.0,,,524.0,,,,425.0,750.0,,17.0,791.0,975,,182.0,,,,,,56.0,1631.0,24.0,92.0,48.0,,,58.0,,16.0,,,4.0,2716.0,195.0,283.0,158.0,,,801.0,,16.0,,,,79.0,,,,377.0,271.0,,15.0,,2.0,8.0,2.0,986.0,985.0,,65.0,,,16.0,16.0,,23.0,3462
_250m_16_days_VI_Quality_2024017_aid0001,aid0001,2024-01-17 00:00:00+00:00,,,,,,,,,,,325.0,22.0,72.0,,40.0,2572.0,,,,,137822.0,17.0,,,39.0,40850.0,279.0,48.0,140.0,,13.0,,12.0,,48.0,,,,,,,1247.0,,,,7.0,265.0,154.0,20.0,92.0,,8.0,8.0,8.0,,136.0,,,1063.0,,,775.0,120.0,,,,,,,,,24.0,,,130.0,52.0,,,,2295,24.0,1884,,237,63764.0,1053.0,7253.0,1394.0,,,635.0,,,5231,399.0,1059.0,1650.0,,,249.0,1055,528,,32.0,2525.0,4133.0,,15.0,,941.0,1189.0,,20.0,80.0,7696,,5124,,1785,12745.0,56.0,1871.0,344.0,,,377.0,,,9.0,,,,2805.0,90.0,738.0,311.0,,,278.0,,2.0,,,,1.0,4147,893,,258.0,385.0,1003.0,,7.0,,3.0,,,1.0,384.0,585.0,,10.0,,,,,,,,,,,,,,,,,,,,121.0,,,,3.0,45.0,,,20.0,,,,128.0,,12.0,,12.0,,,,,108.0,,,,6.0,44.0,32.0,24.0,,,,,,,,,,,33.0,,3.0,,,,,,,,,,24.0,8.0,,,,,,,2153.0,250.0,624.0,248.0,,,131.0,,1965.0,955.0,801.0,1224.0,,,255.0,,,,359.0,424.0,,,891.0,951,,35.0,32.0,,,,,,1406.0,28.0,271.0,72.0,,,73.0,,4.0,,,,2733.0,520.0,469.0,825.0,,,269.0,,8.0,,,,14.0,,,,67.0,244.0,,4.0,,3.0,,,608.0,817.0,,11.0,,,,,,,3425
_250m_16_days_VI_Quality_2024033_aid0001,aid0001,2024-02-02 00:00:00+00:00,,,,,,,,,,12.0,270.0,,3.0,,99.0,39514.0,,,,,114331.0,2.0,76.0,,207.0,4030.0,60.0,706.0,,,,92.0,,,,12.0,344.0,,,,,585.0,,,,79.0,92.0,,62.0,,,2.0,66.0,8.0,18.0,144.0,,,193.0,,11.0,1148.0,64.0,,12.0,,,,,,,,,,8.0,,,,36.0,953,,692,,474,84279.0,136.0,21449.0,48.0,,,879.0,,,5094,8.0,1756.0,4.0,,,670.0,610,822,,182.0,2135.0,1227.0,,69.0,,716.0,604.0,,103.0,118.0,4018,,1426,,3092,16075.0,12.0,2267.0,1.0,,,650.0,,,21.0,,,11.0,3515.0,12.0,1091.0,34.0,,,951.0,,13.0,,,,15.0,2329,2454,,343.0,649.0,583.0,,52.0,,,,,,529.0,532.0,,23.0,,,,,,,,,,,,,,,,,,,,56.0,,,,36.0,12.0,,4.0,,,,,,,,,2.0,,,,34.0,218.0,,,,58.0,36.0,,20.0,,36.0,,,,,,,,,,,,,,,,,,6.0,,6.0,,,,20.0,,,,,2494.0,2.0,802.0,20.0,,,270.0,,1314.0,97.0,790.0,,,,497.0,,,,311.0,264.0,,33.0,1194.0,710,,109.0,50.0,,,,,426.0,1661.0,,631.0,,,,163.0,,17.0,,2.0,13.0,2773.0,73.0,576.0,52.0,,,1752.0,,4.0,2.0,15.0,,47.0,,8.0,,119.0,293.0,,10.0,,,,4.0,939.0,812.0,,75.0,,,8.0,1.0,,7.0,3449
_250m_16_days_VI_Quality_2024049_aid0001,aid0001,2024-02-18 00:00:00+00:00,,,,,,,,,,,54.0,,,,290.0,53380.0,,,,15.0,130428.0,,,,79.0,271.0,,,,,254.0,,,,,,129.0,,,,6.0,338.0,,,,6.0,44.0,,,,,12.0,,,4.0,,,,,,,,8.0,,16.0,,,,,,,,,,,,,,,398,,217,,1127,88573.0,,4060.0,,,,739.0,,,3230,,384.0,20.0,,,440.0,101,466,,483.0,218.0,1715.0,,29.0,,45.0,531.0,,111.0,40.0,1939,20.0,1677,,7162,21327.0,,3004.0,252.0,,,572.0,,,11.0,,,37.0,3396.0,,422.0,22.0,,,317.0,,1.0,,,,16.0,294,1372,,627.0,312.0,2156.0,,74.0,,,,,,57.0,625.0,,81.0,,,,,,,,,,,,,,,36.0,,,,,55.0,,,,5.0,60.0,,4.0,,,4.0,,,,,,3.0,,,,1.0,87.0,,,,5.0,5.0,,4.0,,87.0,,,,,,,,,,16.0,,,,,,,,,,,,,,,,,,,1564.0,,255.0,68.0,,,224.0,,1121.0,,225.0,20.0,,,799.0,,,,24.0,243.0,,70.0,145.0,385,,184.0,130.0,,,,,27.0,1295.0,,749.0,,,,107.0,,3.0,,,30.0,2284.0,,471.0,28.0,,,368.0,,31.0,,,,55.0,,,,4.0,184.0,,9.0,,,,,90.0,512.0,,87.0,,,,,,,3314
_250m_16_days_VI_Quality_2024065_aid0001,aid0001,2024-03-05 00:00:00+00:00,,,,,,,,,,19.0,,,6.0,,3.0,96057.0,,356.0,,43.0,72697.0,,3883.0,,57.0,50.0,,172.0,,,,4.0,,,,,8.0,,,,,12.0,,4.0,,,,,4.0,,,,,46.0,2.0,,,,24.0,4.0,,15.0,88.0,,5.0,,,,,,,,,,,18.0,,,90.0,102,,746,,34,78665.0,,31904.0,20.0,,,1257.0,,,1118,,691.0,,,,165.0,123,1024,,9.0,423.0,614.0,,,,77.0,565.0,,3.0,869.0,1547,1330.0,708,,808,21529.0,,9625.0,12.0,,,1579.0,,,2.0,7.0,,59.0,1933.0,,1010.0,,,,756.0,,9.0,,,,13.0,931,3493,,175.0,176.0,389.0,,2.0,,,,,,122.0,377.0,,4.0,,2.0,,,2.0,,,,,,,,,,,,,,,,,4.0,,,,,,,,4.0,,,,,,,,,,,,,,,,,,,,,,,,,,,,,,,,,,,,,,,,,4.0,24.0,,,,,,,629.0,,515.0,,,,58.0,,416.0,,171.0,12.0,,,63.0,,,,7.0,101.0,,4.0,60.0,600,,2.0,69.0,,8.0,,,139.0,642.0,,845.0,15.0,,,150.0,,11.0,,6.0,39.0,957.0,,608.0,16.0,,,272.0,,11.0,,12.0,,25.0,,,,,367.0,,,,9.0,,8.0,71.0,486.0,,3.0,,,18.0,,,9.0,3335
_250m_16_days_VI_Quality_2024081_aid0001,aid0001,2024-03-21 00:00:00+00:00,,,,,,,,,,,449.0,,52.0,,,1524.0,,,,,103370.0,,3284.0,,1.0,30338.0,,12559.0,,,6.0,,,,,,36.0,,,,,865.0,,48.0,,4.0,2652.0,,756.0,4.0,,4.0,482.0,100.0,3.0,,,,,,,192.0,1056.0,,,,,,,,,,,,106.0,135.0,,,,3196,,1042,,53,73524.0,,38060.0,,,,8.0,,,2931,12.0,2176.0,8.0,,,16.0,1456,1377,,9.0,62.0,224.0,,,,96.0,269.0,,1.0,46.0,9841,,1832,,164,15625.0,,7286.0,,,,21.0,,,,,,,2523.0,,1573.0,,,,18.0,,,,,,2.0,3814,2641,,31.0,7.0,1010.0,,,,,,,,56.0,393.0,,,,,,,,,,,,,,,,,,,,,,185.0,,,,,761.0,,168.0,,,1.0,,4.0,,,,,,,,,449.0,,,,,753.0,4.0,325.0,,,,,,,,,,,,4.0,,,,,,,,24.0,,,123.0,40.0,,,,,,,1818.0,,1760.0,,,,2.0,,1546.0,20.0,932.0,8.0,,,38.0,,,,84.0,217.0,,,125.0,332,,,117.0,,,,,,986.0,,1848.0,,,,2.0,,,,,,2177.0,,958.0,,,,18.0,,16.0,,15.0,,6.0,72.0,,,123.0,115.0,,,,,,,251.0,379.0,,2.0,,,3.0,,,1.0,3524
_250m_16_days_VI_Quality_2024097_aid0001,aid0001,2024-04-06 00:00:00+00:00,,,,,,,,,,,282.0,,8.0,,30.0,59912.0,,,,,85997.0,,604.0,,29.0,5072.0,,5143.0,,,15.0,,,,,,224.0,,,,,992.0,,12.0,,,136.0,,100.0,,,,133.0,12.0,23.0,,,,,16.0,,,,,,,,,,,,,,,,,,,,1107,,753,,187,87628.0,,28854.0,,,,46.0,,,6676,,1237.0,,,,183.0,282,483,,27.0,,714.0,,,,6.0,317.0,,2.0,189.0,6210,16.0,2815,,1107,20037.0,,6132.0,,,,21.0,,,,,,4.0,5414.0,,1699.0,,,,192.0,,,,,,,893,1230,,29.0,,1526.0,,,,,,,,4.0,669.0,,,,,,,,,3.0,,,,,,,,,,,,,31.0,,,,1.0,52.0,,,,,,,,,,,20.0,,,,16.0,138.0,,,,4.0,140.0,16.0,8.0,,,,,,,,,,,,,,,,,,,,,,,24.0,8.0,,,,,,,577.0,,1370.0,,,,4.0,,752.0,,583.0,,,,4.0,,,,,151.0,,,,1354,,,28.0,,,,,,591.0,,1139.0,,,,,,,,,,937.0,,1264.0,,,,45.0,,,,,,,,,,,454.0,,,,,,,,1135.0,,,,,,,,,3443
_250m_16_days_VI_Quality_2024113_aid0001,aid0001,2024-04-22 00:00:00+00:00,6.0,,,,2.0,,2.0,,,316.0,648.0,,28.0,,28.0,31049.0,,60.0,,,98109.0,,7411.0,,1.0,11553.0,,10459.0,,,24.0,468.0,,,,,1836.0,,,,,866.0,,64.0,,4.0,500.0,,576.0,,,37.0,132.0,84.0,,,,,,,,,16.0,,,,,,,,,,,,11.0,20.0,,5.0,,2012,,707,,183,61760.0,,51148.0,,,,63.0,,,2910,,2259.0,,,,178.0,914,468,,23.0,4.0,52.0,,,,58.0,96.0,,,379.0,5715,88.0,3127,,1622,13094.0,,11340.0,,,,11.0,,,,,,,3791.0,24.0,2867.0,,,,157.0,,,,,,,3290,1234,,140.0,4.0,76.0,,,,,,,,100.0,37.0,,3.0,,,,,,,,,,,,,,,32.0,,,,,16.0,,,,,120.0,,88.0,,,12.0,,,,,,20.0,,,,,285.0,,8.0,,5.0,179.0,,36.0,,5.0,,,,,,,,,,,,,,,,,,,,,,24.0,,,,,,,768.0,,1261.0,,,,9.0,,910.0,7.0,1060.0,60.0,,,104.0,,,,,,,,41.0,1137,,26.0,39.0,,4.0,,,5.0,541.0,,1064.0,,,,,,,,,,1795.0,5.0,1809.0,,,,125.0,,,,,,,,,,,56.0,,,,,,,206.0,78.0,,12.0,,,,2.0,,2.0,3560
_250m_16_days_VI_Quality_2024129_aid0001,aid0001,2024-05-08 00:00:00+00:00,2.0,,1.0,,,2.0,,3.0,1.0,236.0,3392.0,,108.0,,47.0,70175.0,,,,3.0,56183.0,76.0,,,69.0,10776.0,48.0,524.0,6552.0,,,185.0,,84.0,,,10617.0,24.0,,,2.0,11024.0,527.0,,,78.0,3141.0,88.0,110.0,188.0,,8.0,1017.0,56.0,1.0,480.0,,,1072.0,98.0,6.0,90.0,3153.0,,,,12.0,,56.0,,,1044.0,64.0,,435.0,200.0,,,50.0,8604,,400,,608,58594.0,251.0,5746.0,1053.0,,,335.0,,,11175,323.0,586.0,148.0,,,324.0,1626,502,,89.0,482.0,3119.0,,29.0,,376.0,583.0,,23.0,850.0,11041,,541,,1885,13509.0,1072.0,2182.0,8.0,,,415.0,,,,,,,5001.0,1590.0,405.0,72.0,,,496.0,,,,,,,3100,365,,234.0,323.0,508.0,,25.0,,,,,,883.0,283.0,,129.0,8.0,,,,,1.0,,,1.0,20.0,,,,,328.0,,,,,568.0,,,,,375.0,,,36.0,,,4.0,,,,,373.0,4.0,,,3.0,3067.0,75.0,20.0,,129.0,1668.0,24.0,100.0,48.0,2.0,40.0,,36.0,,,80.0,,,44.0,80.0,,8.0,12.0,,64.0,,,301.0,52.0,,325.0,136.0,3.0,,,,,,1217.0,52.0,420.0,36.0,,,56.0,,2960.0,237.0,224.0,214.0,,,175.0,,,,26.0,1210.0,,5.0,245.0,600,,15.0,136.0,59.0,,,,3.0,870.0,309.0,368.0,12.0,,,40.0,,,,,16.0,2444.0,805.0,412.0,56.0,,,294.0,,,,,,12.0,19.0,,1.0,76.0,544.0,,11.0,,,,,697.0,601.0,,156.0,1.0,3.0,6.0,,,2.0,3641
_250m_16_days_VI_Quality_2024145_aid0001,aid0001,2024-05-24 00:00:00+00:00,8.0,,,,,,,,,,460.0,,854.0,,17.0,256.0,,24.0,,,6762.0,,48049.0,,,11098.0,36.0,25531.0,,,21.0,,,,,,,,,,,1430.0,,1428.0,4.0,,10345.0,36.0,1891.0,313.0,,15.0,759.0,670.0,17.0,20.0,139.0,,60.0,24155.0,21.0,292.0,7237.0,,9.0,,,,,32.0,,108.0,2630.0,1.0,1520.0,1885.0,,,,3647,,5439,,360,6036.0,,76403.0,,,,310.0,,,2169,,9936.0,32.0,,,461.0,2271,3759,,140.0,100.0,1674.0,,38.0,,61.0,1209.0,,92.0,10.0,7054,232.0,4649,,5050,1056.0,,9934.0,,,,327.0,,,,,,,740.0,4.0,4341.0,,,,365.0,,,,8.0,,4.0,5272,3188,,586.0,,689.0,,2.0,,,,,,52.0,831.0,,27.0,,,,,4.0,,,,,,,130.0,,,,,,,,216.0,,324.0,,,1231.0,,308.0,,,1.0,,,,,,,,,,,762.0,,180.0,,,7913.0,143.0,368.0,184.0,68.0,,,,,,,260.0,,56.0,83.0,,,,,,,,96.0,292.0,,1720.0,467.0,,,,,,,158.0,,4934.0,,,,146.0,,887.0,20.0,5159.0,96.0,,,1205.0,,,,12.0,442.0,,15.0,85.0,1596,,203.0,,,28.0,,,,77.0,,939.0,,,,45.0,,,,,,498.0,,3504.0,15.0,,,939.0,,,,4.0,,,,24.0,,,753.0,,1.0,,,,,108.0,2619.0,,263.0,,,,,,,3493
_250m_16_days_VI_Quality_2024161_aid0001,aid0001,2024-06-09 00:00:00+00:00,1.0,,,,,,,,,,57877.0,44.0,11663.0,,1.0,20.0,,,,,181.0,,,,1.0,860.0,,744.0,2128.0,,,,276.0,144.0,298.0,,296.0,,,,8.0,2294.0,390.0,,,,1099.0,1319.0,392.0,7304.0,,,23321.0,1003.0,,36.0,,,1050.0,136.0,,3867.0,7220.0,,,248.0,228.0,,159.0,,,5613.0,220.0,,8698.0,6096.0,,,,57412,,15732,,32,500.0,,408.0,540.0,,,,,,1203,42.0,237.0,476.0,,,32.0,17420,3843,,28.0,648.0,2846.0,,,,344.0,2014.0,,,,28831,,8157,,77,44.0,,,24.0,,,,,,,,,,144.0,26.0,32.0,88.0,,,2.0,,,,,,,11314,4151,,68.0,28.0,51.0,,,,,,,,4.0,52.0,,,,,,,,,,,,,,,28.0,,20.0,,,,,348.0,,,,2.0,708.0,,,176.0,,,8.0,351.0,,272.0,2.0,152.0,,,,,3006.0,524.0,,,,3170.0,1940.0,32.0,5273.0,,16.0,,,,,168.0,,,1660.0,713.0,,462.0,76.0,,171.0,,,6366.0,,1.0,10654.0,2161.0,,,,,,,668.0,,,28.0,,,,,1888.0,157.0,44.0,382.0,,,5.0,,,,228.0,175.0,,,492.0,1059,,1.0,,,,,,,104.0,,,,,,,,,,,,127.0,12.0,28.0,,,,9.0,,,,,,,,,,,,,,,,,,165.0,60.0,,,,,,,,,3588
_250m_16_days_VI_Quality_2024177_aid0001,aid0001,2024-06-25 00:00:00+00:00,,,,,,,,,,,73436.0,,56788.0,,,,,,,,,,,,,,,128.0,,,,,872.0,244.0,1580.0,,,,,,,40.0,64.0,,,,20.0,231.0,256.0,798.0,,,1923.0,6881.0,,,,,,,,,,,,71.0,2018.0,,,,,24.0,,,211.0,1094.0,,,,45125,35.0,66856,,8,,,,,,,,,,196,60.0,1488.0,433.0,,,,702,7028,,,,,,,,40.0,656.0,,,,28710,,20956,,77,,,,,,,,,,,,,,,,,,,,,,,,,,,919,2619,,32.0,,,,,,,,,,,,,,,,,,,,,,,,,84.0,,,,,,,,,,,,,,,296.0,,,,,504.0,442.0,3632.0,,,,84.0,,,40.0,24.0,56.0,84.0,,88.0,418.0,199.0,2291.0,,,170.0,,,,,,,,116.0,,436.0,3589.0,,,32.0,,444.0,52.0,,530.0,3045.0,,,,61.0,,,,,,,,,,,,60.0,3650.0,1527.0,,,6.0,,,,,,,,96.0,1459,,,,,,,,,,,,,,,,,,,,,,,92.0,,,,,,,,,,,,,,,,,,,,,,,24.0,,,,,,,,,3515
_250m_16_days_VI_Quality_2024193_aid0001,aid0001,2024-07-11 00:00:00+00:00,2.0,,,,,,,,,,66052.0,,29808.0,,2.0,776.0,,,,,107.0,76.0,,,,501.0,140.0,428.0,20.0,,,44.0,727.0,,687.0,,567.0,,,,,1063.0,588.0,32.0,,,706.0,2777.0,162.0,444.0,,1.0,13257.0,5183.0,2.0,168.0,,,1015.0,1980.0,,2532.0,7808.0,,,1040.0,411.0,,158.0,,,3941.0,640.0,8.0,5387.0,3638.0,,,,51269,,40122,,89,781.0,,825.0,,,,3.0,,,2187,188.0,1513.0,204.0,,,38.0,9171,4555,,45.0,24.0,53.0,,,,274.0,304.0,,1.0,25.0,26642,,18722,,177,51.0,,,,,,13.0,,,,,,,169.0,13.0,4.0,,,,5.0,,,,,,,5478,1076,,81.0,76.0,,,,,,,,,202.0,44.0,,3.0,,,,,,,,,,,,,,,,,,,,36.0,28.0,,,,27.0,,,,,,117.0,642.0,24.0,1406.0,,52.0,,,,,562.0,360.0,451.0,152.0,,577.0,2665.0,455.0,858.0,,,44.0,,,,116.0,,,120.0,44.0,,656.0,1064.0,,68.0,,,2850.0,548.0,,5759.0,2373.0,2.0,,,36.0,,,,,,,,,,,663.0,912.0,2530.0,1015.0,,,9.0,,,,24.0,,,,404.0,679,,5.0,,,,,,,,11.0,,,,,,,,,,,56.0,147.0,,,,,10.0,,,,,,,21.0,,,14.0,,,,,,,,351.0,,,7.0,,,,,,,3510
_250m_16_days_VI_Quality_2024209_aid0001,aid0001,2024-07-27 00:00:00+00:00,,,,,,,,,,,67363.0,,43571.0,,2.0,,,,,,264.0,,,,,56.0,32.0,,,,,,346.0,108.0,4020.0,,,,,,,1203.0,84.0,52.0,,,507.0,726.0,20.0,1618.0,,,7928.0,2763.0,1.0,,,,232.0,,,40.0,,,,64.0,438.0,,,,,1268.0,,,1265.0,124.0,,,,36274,192.0,79771,,10,,,,,,,,,,77,102.0,976.0,2311.0,,,4.0,3202,2726,,8.0,,,,,,65.0,266.0,,,,18913,,28527,,59,,16.0,,,,,,,,,,,,19.0,12.0,,28.0,,,,,,,,,,2224,2066,,59.0,,,,,,,,,,10.0,63.0,,4.0,,,,,,,,,,,12.0,,84.0,,208.0,,,,,403.0,,40.0,,,80.0,,,,,,20.0,1487.0,23.0,3321.0,,165.0,,,,,2043.0,164.0,264.0,,,1491.0,2322.0,172.0,1582.0,,80.0,,,,,196.0,40.0,,56.0,,,595.0,315.0,,64.0,,,2289.0,126.0,,3228.0,987.0,,,,96.0,,,,,,29.0,,,,,518.0,519.0,3739.0,5627.0,,,20.0,,,,,,,,136.0,1451,,5.0,,,,,,,,,,,,,,,,,,,87.0,12.0,,105.0,,,,,,,,,,,,,,,,,,,,,2.0,31.0,,,,,,,,,3452
_250m_16_days_VI_Quality_2024225_aid0001,aid0001,2024-08-12 00:00:00+00:00,,,,,,,,,,24.0,117972.0,,9701.0,,57.0,50.0,,,,,164.0,44.0,,,,124.0,,,,,,20.0,1865.0,,757.0,,120.0,,,,,400.0,344.0,,,,174.0,1720.0,,387.0,,,12949.0,642.0,5.0,,,,476.0,,,20.0,,,,1188.0,245.0,,24.0,,,1162.0,,1.0,1811.0,64.0,,,,77163,19.0,14641,,68,15.0,,,,,,,,,205,320.0,394.0,412.0,,,4.0,6816,1356,,33.0,,,,,,315.0,56.0,,,,41658,,6933,,88,,,,,,,,,,,,,,,8.0,,,,,,,,,,,,4369,436,,61.0,,,,,,,,,,,,,,,,,,,,,,,,16.0,,44.0,,52.0,,,,,64.0,,,,,44.0,153.0,,,,,84.0,2871.0,93.0,771.0,,48.0,,,,,664.0,1366.0,,,,873.0,9294.0,107.0,597.0,,212.0,,,,,230.0,,,258.0,,,2333.0,1498.0,,32.0,,,3844.0,,,6657.0,969.0,,,18.0,8.0,44.0,,,,,,,,,,292.0,1144.0,449.0,1686.0,,,,,,,,,,,659.0,496,,1.0,,,,,,,,,,,,,,,,,,,75.0,216.0,,,,,1.0,,,4.0,,,,,,,,,,,,,,,11.0,,,,,,,,,,3607
_250m_16_days_VI_Quality_2024241_aid0001,aid0001,2024-08-28 00:00:00+00:00,3.0,,,,,,,,,,39450.0,,5920.0,,,13585.0,,126.0,,4.0,3842.0,20.0,436.0,229.0,,,,216.0,400.0,,,8.0,84.0,80.0,705.0,4.0,10025.0,,12.0,,3.0,19549.0,120.0,370.0,360.0,6.0,542.0,106.0,40.0,1653.0,,,22357.0,1098.0,4.0,266.0,,2.0,1010.0,3828.0,,,6569.0,,,44.0,488.0,,1154.0,,,6528.0,608.0,5.0,1149.0,1595.0,,,,48930,240.0,8269,,89,3511.0,157.0,728.0,,,,16.0,,,7378,295.0,1503.0,204.0,,,40.0,18329,1496,,162.0,261.0,40.0,,5.0,,1381.0,474.0,,13.0,171.0,26980,,5733,,446,12.0,375.0,,,,,54.0,,,,,,,1040.0,776.0,48.0,,,,88.0,,,,,,,11277,1833,,344.0,275.0,,,7.0,,,,,,1022.0,101.0,,17.0,,,,,,,,,,15.0,12.0,136.0,,,2037.0,,,,,1566.0,21.0,,12.0,,,,45.0,,,,4.0,332.0,83.0,369.0,,3994.0,,,,1.0,18121.0,432.0,65.0,100.0,18.0,1119.0,607.0,212.0,263.0,,,96.0,64.0,,,403.0,84.0,,,222.0,,185.0,476.0,,618.0,,4.0,8737.0,260.0,,3007.0,363.0,,9.0,,120.0,,3.0,1330.0,44.0,162.0,,,,13.0,,4887.0,535.0,925.0,435.0,,,20.0,,40.0,,128.0,9.0,,4.0,971.0,468,,11.0,163.0,19.0,,,,36.0,358.0,355.0,,,,,24.0,,,,,,823.0,612.0,8.0,,,,22.0,,,,,,,50.0,,,59.0,,,,,,,,723.0,15.0,,25.0,,,,,,,3553
_250m_16_days_VI_Quality_2024257_aid0001,aid0001,2024-09-13 00:00:00+00:00,,,1.0,,,,,,,,11782.0,72.0,2481.0,,94.0,27386.0,,,,59.0,21486.0,,,,,26795.0,,423.0,180.0,,5.0,4.0,13.0,36.0,62.0,4.0,4654.0,,,,7.0,14303.0,22.0,,,11.0,17583.0,119.0,343.0,482.0,,1.0,15153.0,1325.0,32.0,300.0,,4.0,179.0,,1.0,729.0,2405.0,,,13.0,56.0,,700.0,,,1813.0,,10.0,1885.0,788.0,,,,18112,84.0,3900,,587,36937.0,,380.0,,,,207.0,,,10998,,1631.0,87.0,,,135.0,8417,2118,,351.0,1376.0,173.0,,40.0,,1400.0,447.0,,62.0,1597.0,10734,,2588,,2305,5970.0,,,31.0,,,205.0,,,,,,,4310.0,,130.0,16.0,,,232.0,,,,,,,11431,2291,,1195.0,774.0,8.0,,14.0,,,,,,887.0,89.0,,94.0,,,,,,,,,,,,,,,1617.0,,,,3.0,2086.0,,,,1.0,3330.0,,651.0,,,8.0,,7.0,24.0,59.0,,2399.0,,,,8.0,11603.0,3.0,,,28.0,8802.0,71.0,908.0,360.0,2.0,,136.0,51.0,,1.0,77.0,,3.0,172.0,448.0,,40.0,187.0,,228.0,,,900.0,,1.0,578.0,1358.0,4.0,24.0,,146.0,,16.0,3985.0,,15.0,12.0,,,39.0,,5194.0,13.0,1128.0,138.0,,,180.0,,12.0,,495.0,98.0,,5.0,1518.0,524,,172.0,584.0,,,,,88.0,1286.0,,,12.0,,,22.0,,,,,,4056.0,16.0,229.0,47.0,,,698.0,,,,,,,303.0,,8.0,225.0,129.0,,26.0,,,,,1630.0,451.0,,279.0,,,,,,,3664
_250m_16_days_VI_Quality_2024273_aid0001,aid0001,2024-09-29 00:00:00+00:00,,,,,,,,,,,8158.0,,2366.0,,70.0,2039.0,,,,,3668.0,,,,7.0,61608.0,,5556.0,4501.0,,,,49.0,,93.0,,72.0,,16.0,,,840.0,,44.0,,18.0,2910.0,286.0,379.0,2384.0,,,5655.0,375.0,16.0,6.0,,3.0,,,,46791.0,2466.0,,2.0,,8.0,,,,,64.0,24.0,,8288.0,929.0,,3.0,,9084,,6541,,675,45876.0,,10178.0,1216.0,,,40.0,,,5977,96.0,577.0,477.0,,,95.0,3794,1966,,285.0,9535.0,1223.0,,6.0,,2271.0,661.0,,31.0,115.0,10899,120.0,8829,,1523,5180.0,,488.0,122.0,,,21.0,,,,,,,2190.0,,739.0,277.0,,,540.0,,,,,,,3187,3031,,997.0,3803.0,943.0,,2.0,,,,,,876.0,387.0,,22.0,,,,,,,,,,,8.0,,4.0,,25.0,,,,,117.0,,,,,734.0,39.0,876.0,2312.0,,1.0,,245.0,,99.0,,34.0,,36.0,,,948.0,112.0,8.0,,2.0,1840.0,1206.0,335.0,1417.0,3.0,,,,,,,,,1057.0,1603.0,4.0,,,,4.0,,,168.0,16.0,,5354.0,344.0,4.0,22.0,,24.0,,6.0,3455.0,,498.0,420.0,,,74.0,,2421.0,284.0,545.0,1646.0,,,231.0,,,,1312.0,397.0,,8.0,1643.0,663,,94.0,205.0,,28.0,,,228.0,1345.0,,264.0,30.0,,,11.0,,,,,,2148.0,,635.0,371.0,,,624.0,,,,,,12.0,1.0,,5.0,465.0,146.0,,2.0,,,,,1460.0,796.0,,161.0,,,,1.0,,,3536
_250m_16_days_VI_Quality_2024289_aid0001,aid0001,2024-10-15 00:00:00+00:00,,,,,,,1.0,,,,121.0,,12.0,,113.0,96.0,,,,,94515.0,,12.0,,130.0,47103.0,332.0,1715.0,1838.0,,13.0,,,,,,14.0,,,,,1881.0,,24.0,,11.0,3669.0,28.0,295.0,,,,116.0,10.0,1.0,,,,14.0,,14.0,3683.0,2892.0,,22.0,,,,,,,,,,82.0,211.0,,,,1108,,297,,833,73876.0,,21285.0,8177.0,,,353.0,,,4278,12.0,1324.0,788.0,,,503.0,207,227,,126.0,1591.0,5841.0,,35.0,,37.0,835.0,,144.0,,2541,,525,,8880,10084.0,,2517.0,2820.0,,,195.0,,,,,,,3246.0,,589.0,548.0,,,437.0,,,,,,,512,931,,340.0,424.0,3411.0,,63.0,,,,,,39.0,1394.0,,179.0,,,,,,,,,,,,,,,,,,,,319.0,,,,13.0,624.0,,166.0,32.0,,2.0,,,,,,,,,,,724.0,,,,51.0,1048.0,4.0,161.0,,6.0,,,,,,2.0,,2.0,8.0,72.0,,,,,,,,4.0,,20.0,42.0,48.0,2.0,,,,,,2811.0,,885.0,301.0,,,87.0,,1873.0,24.0,614.0,932.0,,,1907.0,,,,91.0,569.0,,66.0,254.0,873,,312.0,,,,,,64.0,1518.0,,249.0,332.0,,,44.0,,,,,,3020.0,,479.0,535.0,,,1519.0,,,,,,,,,,22.0,681.0,,11.0,,,,,435.0,1646.0,,240.0,,,,,,,3497
_250m_16_days_VI_Quality_2024305_aid0001,aid0001,2024-10-31 00:00:00+00:00,,,,,,,,,,,32.0,,,,40.0,113223.0,,68.0,,282.0,59797.0,,24.0,,112.0,54.0,,28.0,,,157.0,,,,,,,,,,,,,,,8.0,,,,,,,4.0,,,,,,26.0,,102.0,3.0,24.0,,29.0,,,,,,,,,,,,,,,138,,82,,565,97012.0,,12089.0,,,,2442.0,,,207,,66.0,,,,934.0,73,247,,148.0,433.0,489.0,,150.0,,57.0,237.0,,342.0,1068.0,992,,327,,6588,25410.0,,2073.0,,,,2951.0,,,,,,,241.0,,250.0,39.0,,,1922.0,,,,,,,286,719,,484.0,180.0,1215.0,,201.0,,,,,,17.0,473.0,,289.0,,,,,,,,,,,,,,,,,,,,,,,,88.0,,,4.0,,,20.0,,,,,,4.0,,,,8.0,16.0,,4.0,,156.0,13.0,,,,8.0,,,,,,4.0,,40.0,,,,,,,,,,13.0,,3.0,,,,,,,,,161.0,,173.0,,,,352.0,,307.0,,38.0,,,,2243.0,,,,41.0,32.0,,31.0,39.0,259,,226.0,28.0,,20.0,,,540.0,247.0,,92.0,,,,70.0,,,,,,894.0,,272.0,51.0,,,3380.0,,,,,,4.0,,,,,222.0,,80.0,,,,,54.0,350.0,,316.0,,,,,,,3405
_250m_16_days_VI_Quality_2024321_aid0001,aid0001,2024-11-16 00:00:00+00:00,,,,,,,,,,59.0,25.0,,32.0,,174.0,62939.0,,4.0,,297.0,110052.0,,1118.0,,70.0,222.0,,196.0,32.0,,11.0,21.0,,,,91.0,76.0,,,,12.0,115.0,,28.0,,39.0,2.0,,4.0,4.0,,2.0,44.0,12.0,,135.0,,293.0,47.0,24.0,,65.0,24.0,,3.0,,,,,,,,8.0,,24.0,8.0,,,63.0,802,,912,,622,75567.0,,20813.0,348.0,,,2171.0,,,2691,,708.0,113.0,,,680.0,580,481,,192.0,1157.0,1214.0,,171.0,,302.0,315.0,,114.0,1008.0,2132,,1658,,6864,15153.0,4.0,1545.0,62.0,,,822.0,,,,,,,2949.0,,457.0,44.0,,,1975.0,,,,,,,1504,834,,447.0,1108.0,905.0,,66.0,,,,,,377.0,371.0,,137.0,,,,,,,,,,,,,,,12.0,,,,,24.0,,,,16.0,4.0,,4.0,36.0,,,13.0,,,,39.0,34.0,,,,14.0,62.0,,12.0,,14.0,,,19.0,76.0,13.0,,,,,,1.0,,3.0,69.0,12.0,15.0,,,,,,,,,,4.0,,4.0,16.0,,,,,2169.0,,939.0,4.0,,,428.0,,1540.0,,355.0,104.0,,,504.0,,,,249.0,197.0,,50.0,651.0,363,,142.0,258.0,,,,,1039.0,1495.0,,894.0,,,,287.0,,,,,,2393.0,47.0,579.0,142.0,,,2036.0,,23.0,,1.0,,15.0,,,,124.0,320.0,,34.0,,,,,739.0,539.0,,280.0,,,2.0,,,,3557
_250m_16_days_VI_Quality_2024337_aid0001,aid0001,2024-12-02 00:00:00+00:00,,,,,,,,,,,146.0,,18.0,,16.0,38607.0,,,,38.0,128700.0,,60.0,,157.0,4624.0,728.0,212.0,24.0,,24.0,48.0,,,,,399.0,,,,1.0,412.0,,8.0,,62.0,84.0,,,12.0,,,62.0,4.0,10.0,864.0,,21.0,1863.0,,83.0,4613.0,4.0,,15.0,,,,20.0,,8.0,93.0,,2.0,36.0,4.0,,,49.0,1606,,389,,931,69336.0,115.0,4440.0,652.0,,,1712.0,,,5417,69.0,501.0,76.0,,,888.0,1150,311,,264.0,12728.0,2036.0,,255.0,,588.0,253.0,,152.0,450.0,4079,134.0,376,,5699,10291.0,8.0,1408.0,50.0,,,755.0,,,,,,,4594.0,73.0,374.0,33.0,,,2481.0,,,,,,,1819,681,,773.0,2430.0,574.0,,160.0,,,,,,480.0,318.0,,132.0,,,,,,,,,,,,,,,61.0,,,,11.0,124.0,,,,36.0,19.0,51.0,,16.0,,2.0,,,,,,32.0,,,,,209.0,,,,39.0,2.0,,,,6.0,,,4.0,,4.0,92.0,,5.0,14.0,12.0,2.0,,,,,,,45.0,,16.0,16.0,8.0,12.0,36.0,,,,,2357.0,29.0,651.0,96.0,,,284.0,,1581.0,188.0,242.0,49.0,,,904.0,,,,264.0,166.0,,33.0,1115.0,208,,212.0,311.0,24.0,,,,916.0,1480.0,,244.0,,,,104.0,,,,,,3305.0,84.0,371.0,102.0,,,3626.0,,,,,,,,14.0,6.0,247.0,190.0,,22.0,,,,,987.0,355.0,,336.0,,,,,,,3616
_250m_16_days_VI_Quality_2024353_aid0001,aid0001,2024-12-18 00:00:00+00:00,,,,,,,,,,,63.0,,,8.0,241.0,102973.0,,,,16.0,80540.0,,223.0,,129.0,404.0,,175.0,,,95.0,29.0,,,,,482.0,,,,2.0,671.0,,,,50.0,109.0,,4.0,,,27.0,,,16.0,11.0,,,65.0,,127.0,29.0,,4.0,27.0,,,,,,,4.0,,16.0,4.0,,4.0,,98.0,1145,48.0,494,317.0,1109,71470.0,,5041.0,,4.0,1066.0,884.0,487.0,,8899,,773.0,,,171.0,792.0,269,276,114.0,194.0,446.0,96.0,595.0,30.0,,333.0,68.0,123.0,120.0,147.0,3088,,656,391.0,7655,13282.0,,557.0,,12.0,623.0,496.0,96.0,,,,,4.0,4366.0,14.0,448.0,,12.0,93.0,1187.0,,,,,,20.0,799,445,513.0,787.0,405.0,63.0,569.0,81.0,4.0,,,,,357.0,110.0,169.0,98.0,,,,,,,,,,,,,,,95.0,,,,1.0,104.0,,,,32.0,,,76.0,,20.0,4.0,,,,,,12.0,,,,176.0,129.0,,,,71.0,11.0,3.0,,,26.0,,,,,,8.0,,28.0,,,,,,,,,,4.0,,,,,,,,,,,3574.0,,513.0,,48.0,422.0,494.0,124.0,2153.0,,289.0,,4.0,173.0,1405.0,,,,100.0,4.0,745.0,92.0,279.0,133,185.0,182.0,81.0,,359.0,,,982.0,1721.0,,412.0,,61.0,137.0,212.0,,,,,24.0,3107.0,51.0,556.0,5.0,15.0,162.0,3914.0,,,,14.0,,78.0,248.0,,,66.0,44.0,391.0,15.0,,,,,616.0,384.0,606.0,294.0,,,,3.0,9.0,16.0,3686
_250m_16_days_VI_Quality_2025001_aid0001,aid0001,2025-01-01 00:00:00+00:00,,,,,,,,,,20.0,87.0,,,,337.0,39326.0,,,,8.0,111402.0,4.0,,,133.0,25798.0,,,,4.0,97.0,50.0,,,,22.0,328.0,,,,10.0,720.0,,,,34.0,292.0,28.0,4.0,,4.0,52.0,,,,897.0,,,853.0,,3.0,380.0,,24.0,8.0,,,,4.0,,,48.0,,20.0,8.0,4.0,,,270.0,1206,,950,160.0,1134,78407.0,28.0,3151.0,195.0,583.0,146.0,598.0,,,10549,,202.0,263.0,2.0,41.0,716.0,329,707,141.0,97.0,1123.0,140.0,840.0,172.0,,508.0,439.0,259.0,99.0,564.0,3873,,697,258.0,8435,13785.0,40.0,40.0,56.0,135.0,185.0,329.0,,,,,4.0,4.0,5215.0,4.0,48.0,112.0,,83.0,1099.0,,,,,,8.0,748,567,248.0,497.0,283.0,62.0,964.0,142.0,,,,14.0,2.0,125.0,113.0,269.0,96.0,,,,5.0,7.0,,,,,,,,,,34.0,,,,,332.0,,,,28.0,68.0,20.0,,,,,8.0,,,,108.0,47.0,,,,13.0,54.0,,,,78.0,12.0,,,,,,,,,,22.0,,70.0,24.0,4.0,,,,,,,,,,24.0,8.0,4.0,,,,,,32.0,3564.0,,112.0,73.0,58.0,15.0,748.0,,2044.0,,58.0,279.0,25.0,30.0,1519.0,,,,111.0,80.0,52.0,13.0,308.0,531,45.0,71.0,135.0,,,,,705.0,2049.0,,36.0,24.0,46.0,40.0,122.0,,,,,,3459.0,18.0,20.0,72.0,12.0,44.0,3856.0,,,,,,16.0,,,,46.0,21.0,155.0,46.0,,,,,335.0,148.0,274.0,135.0,,,,,2.0,2.0,3589
_250m_16_days_VI_Quality_2025017_aid0001,aid0001,2025-01-17 00:00:00+00:00,,,,,,,,,,,235.0,,24.0,,140.0,16.0,,,,,47103.0,19.0,48.0,,224.0,76615.0,983.0,516.0,28.0,,86.0,,,,,,4.0,,,,,1299.0,,20.0,,9.0,1176.0,31.0,82.0,24.0,,1.0,217.0,,23.0,16.0,,,4922.0,112.0,15.0,23200.0,491.0,,13.0,,,,,,,60.0,,,436.0,44.0,,2.0,,1814,,856,432.0,778,69208.0,1299.0,11024.0,273.0,,8.0,383.0,10020.0,20.0,6725,145.0,1406.0,135.0,,74.0,647.0,1269,698,99.0,287.0,12253.0,3711.0,4.0,80.0,28.0,2212.0,451.0,36.0,125.0,12.0,8241,36.0,1026,353.0,5967,10664.0,88.0,1804.0,396.0,,16.0,176.0,412.0,8.0,,18.0,,,3566.0,155.0,475.0,81.0,,,130.0,,,,19.0,,6.0,2313,719,132.0,448.0,1472.0,754.0,,49.0,24.0,,,,,717.0,643.0,,41.0,,,3.0,,,,,,,,,,,,,,,,,75.0,,,,1.0,264.0,20.0,8.0,,,20.0,,,,,,19.0,,,,1.0,188.0,,,,92.0,140.0,54.0,8.0,,28.0,,,,,,4.0,,,124.0,,4.0,,,,,,,,,,101.0,,4.0,,,,,,2385.0,64.0,241.0,67.0,,,83.0,164.0,2079.0,286.0,596.0,64.0,,24.0,892.0,,,,693.0,146.0,,19.0,2174.0,261,4.0,167.0,20.0,,,,24.0,,1635.0,60.0,239.0,32.0,,48.0,58.0,72.0,1.0,,6.0,1.0,3237.0,138.0,229.0,76.0,,68.0,339.0,,,,3.0,,5.0,4.0,,,272.0,247.0,,10.0,24.0,,,,1572.0,298.0,20.0,90.0,,,,,,1.0,3586
_250m_16_days_VI_Quality_2025033_aid0001,aid0001,2025-02-02 00:00:00+00:00,,,,,,,,,,24.0,131.0,,,,197.0,110019.0,,,,14.0,73159.0,,8.0,,200.0,120.0,,84.0,,,,20.0,,,,4.0,193.0,,,,2.0,577.0,,,,53.0,12.0,,4.0,,,4.0,4.0,,,64.0,,,69.0,,19.0,2.0,,,2.0,,,,,,,9.0,,3.0,4.0,,,,28.0,855,,521,,631,84927.0,,4911.0,,,,1005.0,,,4436,,758.0,,,,582.0,225,716,,120.0,495.0,451.0,,22.0,,306.0,526.0,,23.0,154.0,6008,32.0,915,,3724,19703.0,,1218.0,68.0,,,346.0,,,,,,,4175.0,,618.0,,,,1037.0,,,,,,8.0,369,896,,212.0,348.0,669.0,,18.0,,,,,,270.0,452.0,,26.0,,,,,,,,,,,,,,,12.0,,,,4.0,71.0,,,,1.0,8.0,,4.0,,,,,,,,,4.0,,,,,46.0,,,,35.0,12.0,,,,16.0,,,,,,1.0,,3.0,,,,,,,,,,1.0,,3.0,,,,,,,,8.0,2106.0,,425.0,,,,438.0,,1598.0,,690.0,68.0,,,756.0,,,,174.0,13.0,,58.0,267.0,618,,73.0,158.0,,,8.0,,891.0,2030.0,,121.0,,,,158.0,,,,,,3107.0,,484.0,,,,2618.0,,7.0,,,,9.0,16.0,,4.0,58.0,173.0,,2.0,,,,,371.0,589.0,,74.0,,,,,,,3523
_250m_16_days_VI_Quality_2025049_aid0001,aid0001,2025-02-18 00:00:00+00:00,,,,,,,,,,,210.0,,4.0,,62.0,96.0,,,,,47231.0,,11094.0,,2.0,78657.0,,153.0,,,45.0,,,,,,,,,,,172.0,,,,,291.0,,,,,45.0,,,,,,,75.0,538.0,,1894.0,12.0,,38.0,,,,,,,,,,,,,,,1121,,508,,425,99474.0,,28975.0,66.0,,,102.0,,,4116,,868.0,257.0,,,339.0,220,460,,59.0,1145.0,6870.0,,19.0,,312.0,1103.0,,32.0,,7070,40.0,847,,2158,18096.0,,2788.0,,,,52.0,,,,,,,4102.0,,843.0,44.0,,,175.0,,,,,,,1318,1722,,101.0,467.0,2332.0,,,,,,,,159.0,1069.0,,4.0,,,,,,,,,,,,,,,,,,,,36.0,,,,,167.0,,,,,17.0,,,,,,,,,,,104.0,,,,,104.0,,12.0,,40.0,,,,,,,,,16.0,16.0,12.0,,,,,,,20.0,,,8.0,12.0,4.0,,,,,,2133.0,,411.0,,,,63.0,,1585.0,,334.0,584.0,,,575.0,,,,180.0,507.0,,48.0,512.0,1420,,98.0,,,,,,,1054.0,,316.0,,,,1.0,,,,,,2541.0,,583.0,44.0,,,125.0,,1.0,,,,6.0,,,,92.0,304.0,,,,,,,576.0,1244.0,,17.0,,,,,,,3326
_250m_16_days_VI_Quality_2025065_aid0001,aid0001,2025-03-06 00:00:00+00:00,,,,,,,,1.0,,,168.0,,4.0,,28.0,4221.0,,36.0,,,110617.0,,27449.0,,19.0,12851.0,,2113.0,,,,,,,,,12.0,,,,,717.0,,40.0,,22.0,373.0,,44.0,,,8.0,245.0,,19.0,,,,100.0,772.0,,871.0,,,,,,,,,,,4.0,,,4.0,,,,1743,,518,,578,91982.0,,23150.0,,,,158.0,,,3975,,587.0,,,,215.0,672,168,,77.0,570.0,434.0,,5.0,,187.0,186.0,,11.0,204.0,8730,44.0,1250,,1454,18844.0,,3997.0,,,,213.0,,,,,,,5285.0,,643.0,,,,129.0,,,,5.0,,,2507,831,,124.0,546.0,596.0,,22.0,,,,,,274.0,243.0,,,,,,,,,,,,,,,,,,,,,,112.0,,,,,98.0,,471.0,,,,,,,,,,,,,,283.0,,,,5.0,160.0,,34.0,,19.0,,,,,,,,,8.0,,,,,,,,,24.0,,4.0,125.0,4.0,63.0,,,,,,1877.0,,472.0,,,,13.0,,2133.0,,201.0,,,,208.0,,,,136.0,171.0,,,463.0,312,,97.0,,,20.0,,,,1238.0,,512.0,,,,4.0,,,,,,3223.0,,387.0,,,,90.0,,9.0,,,,12.0,,123.0,2.0,69.0,304.0,,2.0,,,,,419.0,269.0,,3.0,,,1.0,,,29.0,3593
_250m_16_days_VI_Quality_2025081_aid0001,aid0001,2025-03-22 00:00:00+00:00,2.0,,2.0,3.0,,,,,,,135.0,,,,57.0,9257.0,,,,,147725.0,,608.0,,7.0,3168.0,,316.0,,,4.0,,,,,,,,,,,344.0,,,,37.0,86.0,,4.0,,,6.0,195.0,,29.0,,,,,,,,,,,,,,,,,,,,,4.0,,,,744,,143,,291,95242.0,,26295.0,,,,48.0,,,1086,131.0,615.0,,,,69.0,559,303,,77.0,194.0,400.0,,4.0,,104.0,154.0,,21.0,499.0,5262,859.0,616,,1262,22175.0,140.0,6456.0,,,,130.0,,,5.0,3.0,,15.0,2490.0,141.0,952.0,,,,84.0,,,,,,2.0,1148,1095,,103.0,81.0,1573.0,,1.0,,,,,,62.0,422.0,,51.0,,,,,,,,,,,,,,,,,,,,92.0,,,,20.0,67.0,,64.0,,,5.0,,,,,,,,,,,88.0,,,,12.0,62.0,,8.0,,14.0,,,,,,,,,4.0,,,,,,,,,2.0,,2.0,,,,,,,,,634.0,52.0,1025.0,,,,12.0,,1053.0,75.0,470.0,,,,266.0,,,,37.0,117.0,,2.0,35.0,496,,47.0,260.0,,220.0,,,3.0,704.0,214.0,935.0,,,,70.0,,3.0,,,3.0,1860.0,173.0,1118.0,,,,259.0,,6.0,,,,17.0,148.0,122.0,1.0,46.0,102.0,,5.0,,,,,220.0,489.0,,127.0,,,,,,,3523
_250m_16_days_VI_Quality_2025097_aid0001,aid0001,2025-04-07 00:00:00+00:00,,,,,,,,,,,414.0,8.0,60.0,,14.0,23363.0,,35747.0,,105.0,76069.0,,1040.0,,42.0,16661.0,12.0,3925.0,24.0,,19.0,,,52.0,,,269.0,,43.0,,4.0,1808.0,,4.0,,5.0,314.0,12.0,48.0,8.0,,3.0,304.0,20.0,13.0,,164.0,,20.0,76.0,,355.0,296.0,,2.0,,,,,,,4.0,,,138.0,28.0,,,,1991,19.0,426,,112,80829.0,1270.0,32841.0,,,,808.0,,,2277,508.0,901.0,8.0,,,56.0,833,205,,30.0,1755.0,781.0,,15.0,,261.0,216.0,,,1116.0,3922,1276.0,372,,1241,18449.0,4412.0,7519.0,,,,449.0,,,,,,,1514.0,991.0,1473.0,,,,258.0,,,,,,,1917,275,,70.0,3837.0,403.0,,36.0,,,,,,291.0,218.0,,4.0,,,,,,,,,,,,,,,64.0,,52.0,,,100.0,,,,,118.0,,223.0,,,,,,,,,116.0,,32.0,,2.0,456.0,,,,5.0,212.0,12.0,48.0,20.0,,,,,,,,,,24.0,104.0,,,,,,,,,,,124.0,32.0,,,,,,,887.0,16.0,642.0,,,,7.0,,690.0,155.0,255.0,,,,30.0,,,,120.0,12.0,,2.0,242.0,84,,5.0,278.0,68.0,41.0,,,53.0,491.0,210.0,429.0,,,,17.0,,,,,,982.0,169.0,149.0,,,,239.0,,,,,,,16.0,,,303.0,32.0,,1.0,,,,,202.0,41.0,,2.0,,,,,,,3469
_250m_16_days_VI_Quality_2025113_aid0001,aid0001,2025-04-23 00:00:00+00:00,,,,,,,,,,2.0,2432.0,,832.0,,6.0,37360.0,,1156.0,,9.0,63344.0,,13042.0,,32.0,24534.0,,16915.0,72.0,,6.0,3.0,,68.0,,,1332.0,,884.0,,2.0,8001.0,24.0,1291.0,,8.0,4425.0,20.0,712.0,24.0,,7.0,1383.0,734.0,4.0,,,,8.0,116.0,,56.0,668.0,,,,20.0,,24.0,4.0,,69.0,,3.0,363.0,188.0,,,73.0,10723,,5768,,75,46784.0,8.0,18141.0,71.0,,,162.0,,,8017,64.0,2549.0,23.0,,,196.0,3725,1402,,33.0,257.0,208.0,,3.0,,270.0,151.0,,16.0,932.0,9527,73.0,7279,,286,10429.0,148.0,3663.0,79.0,,,294.0,,,,,,,3997.0,85.0,3345.0,40.0,,,273.0,,,,,,,5588,2532,,61.0,463.0,175.0,,9.0,,,,,,253.0,189.0,,3.0,,,,,,,,,,24.0,,,,,38.0,,,,2.0,232.0,,,,4.0,604.0,,524.0,,,,,20.0,,,,103.0,,,,6.0,1117.0,,28.0,,13.0,1796.0,8.0,94.0,8.0,8.0,,,,,,,,,104.0,20.0,,21.0,,,,,,8.0,,,598.0,76.0,,,,,,,2694.0,56.0,204.0,56.0,,,16.0,,3622.0,12.0,156.0,9.0,,,76.0,,,,133.0,36.0,,6.0,241.0,51,,,140.0,,,8.0,,9.0,934.0,,159.0,30.0,,,19.0,,,,,,2166.0,194.0,294.0,81.0,,,82.0,,,,,,4.0,4.0,8.0,,56.0,50.0,,,,,,,302.0,112.0,,6.0,,,,,,,3562
_250m_16_days_VI_Quality_2025129_aid0001,aid0001,2025-05-09 00:00:00+00:00,,,,,,,,,,100.0,1338.0,,152.0,,2.0,7012.0,,,,,19106.0,,9054.0,,,71404.0,1764.0,11664.0,,,,620.0,4.0,,,,2788.0,,,,,1404.0,28.0,112.0,,,2069.0,28.0,368.0,12.0,,,1120.0,8.0,,4.0,,,2728.0,,,19159.0,318.0,,,200.0,,,415.0,,,904.0,,,1688.0,44.0,,,,6071,,911,,364,71876.0,1864.0,26240.0,147.0,,,2.0,,,3884,76.0,1761.0,60.0,,,29.0,2611,1835,,137.0,5183.0,4639.0,,,,587.0,1948.0,,2.0,371.0,12105,84.0,1274,,343,7152.0,257.0,5061.0,104.0,,,,,,,,,,2046.0,82.0,705.0,41.0,,,12.0,,,,,,,7460,3381,,201.0,793.0,2762.0,,,,,,,,865.0,1251.0,,8.0,,,,,,,,,,,,,,,,,,,,124.0,,40.0,,,208.0,4.0,72.0,4.0,,,,,,,,68.0,,,,,124.0,,56.0,,,453.0,116.0,84.0,384.0,,,,,,,,,,140.0,12.0,,,,,4.0,,,48.0,,,598.0,324.0,,,,,,,344.0,,1081.0,34.0,,,,,538.0,16.0,761.0,313.0,,,9.0,,,,,798.0,,,159.0,1265,,1.0,16.0,,,,,,103.0,,369.0,48.0,,,1.0,,,,,,754.0,4.0,898.0,598.0,,,7.0,,,,,,,,68.0,,44.0,314.0,,,,,,,422.0,2236.0,,12.0,,,,,,,3487
_250m_16_days_VI_Quality_2025145_aid0001,aid0001,2025-05-25 00:00:00+00:00,6.0,,,,,,,,,12.0,16371.0,,2784.0,,1.0,17750.0,846.0,,,,2401.0,201.0,,,,29573.0,,772.0,,,,1.0,,,29.0,,6955.0,390.0,,16.0,,2532.0,217.0,,16.0,,36366.0,83.0,483.0,40.0,,,11449.0,296.0,8.0,5169.0,,,64.0,,,432.0,1460.0,,,32.0,,,3417.0,,1.0,1381.0,,,4982.0,2017.0,,,96.0,32741,,10263,,112,18196.0,,128.0,,,,20.0,,,15379,366.0,708.0,4.0,,,67.0,9701,1484,,73.0,202.0,84.0,,,,663.0,489.0,,10.0,82.0,19085,,9387,,639,3322.0,,64.0,,,,,,,,,,,3756.0,29.0,172.0,8.0,,,88.0,,,,,,,10114,617,,146.0,100.0,,,,,,,,,618.0,104.0,,11.0,,,,,,,,,,,,,,,1852.0,32.0,,,,292.0,,,,,3015.0,,504.0,,,,48.0,13.0,4.0,20.0,,3734.0,48.0,,8.0,,1933.0,413.0,,93.0,10.0,14636.0,196.0,1051.0,160.0,10.0,,4.0,662.0,,,84.0,,,344.0,593.0,,28.0,16.0,,1888.0,,,1743.0,,,4852.0,2423.0,4.0,,,,,,2140.0,4.0,308.0,,,,20.0,,6973.0,255.0,631.0,13.0,,,94.0,,,,98.0,172.0,,1.0,1210.0,769,,34.0,,,,,,,449.0,12.0,184.0,,,,13.0,,,,,,2580.0,236.0,139.0,,,,72.0,,,,,,,,,,47.0,12.0,,,,,,,1089.0,262.0,,24.0,,,,,,,3530
_250m_16_days_VI_Quality_2025161_aid0001,aid0001,2025-06-10 00:00:00+00:00,2.0,2.0,,,,,,,,,44930.0,,17878.0,,2.0,5141.0,,,,4.0,4895.0,20.0,,,4.0,20.0,40.0,,,,,,112.0,51.0,268.0,,10011.0,,,,2.0,20361.0,413.0,,,6.0,708.0,728.0,58.0,1668.0,,,22537.0,2411.0,3.0,260.0,,,1511.0,,,124.0,112.0,,,893.0,35.0,,576.0,,,9101.0,,,2762.0,1158.0,,,,47919,,29564,,104,2689.0,,,,,,54.0,,,6652,135.0,236.0,172.0,,,130.0,13527,2975,,92.0,3.0,,,,,498.0,177.0,,18.0,135.0,20932,,16963,,628,1171.0,95.0,,,,,84.0,,,,,,,1972.0,166.0,,,,,206.0,,,,,,,6356,2280,,168.0,33.0,,,,,,,,,639.0,,,9.0,,,,,,,,,,,,,,,144.0,,,,,943.0,,,,,,,,,,,,377.0,122.0,432.0,,1968.0,,,,7.0,10137.0,657.0,,,2.0,785.0,1252.0,43.0,1479.0,,244.0,,,,,536.0,,,124.0,28.0,,915.0,247.0,,132.0,,,7194.0,,,4503.0,1007.0,,,,,,,173.0,,,,,,3.0,,2191.0,262.0,1106.0,497.0,,,31.0,,,,8.0,,,1.0,753.0,643,,11.0,18.0,13.0,,,,26.0,160.0,,,,,,10.0,,,,,,812.0,44.0,,,,,115.0,,,8.0,,22.0,10.0,11.0,,1.0,16.0,,,,,,,,370.0,,,11.0,,,5.0,,,1.0,3566
_250m_16_days_VI_Quality_2025177_aid0001,aid0001,2025-06-26 00:00:00+00:00,2.0,,,,,,,,,,91548.0,,24832.0,,3.0,,,,,,100.0,,,,,324.0,,,,,,28.0,62.0,293.0,389.0,,,,,,,848.0,16.0,,,,707.0,423.0,135.0,171.0,,,14326.0,7583.0,4.0,,,,84.0,,,24.0,,,,323.0,350.0,,,,,871.0,,,1150.0,504.0,,,,63301,,25808,,29,,,,,,,,,,214,32.0,1285.0,119.0,,,1.0,10820,6133,,31.0,,,,,,248.0,595.0,,3.0,,22972,,22933,,88,,,,,,,,,,,,,,,4.0,,,,,,,,,,,,4674,2876,,96.0,,,,,,,,,,48.0,,,,,,,,,,,,,4.0,4.0,,,,204.0,,,,,224.0,,,,,88.0,,,,,,88.0,985.0,78.0,516.0,,237.0,208.0,,,1.0,5303.0,84.0,,,,2703.0,2897.0,238.0,226.0,,,88.0,564.0,,,156.0,,,116.0,64.0,,1813.0,2436.0,,785.0,,,3818.0,,,4989.0,1933.0,,,,,,,216.0,,,,,,,,1524.0,705.0,2011.0,260.0,,,5.0,,32.0,,,,,,512.0,2148,,2.0,,,,,,,20.0,,,,,,,,,,,,149.0,20.0,,20.0,,,,,3.0,,,13.0,,,,,,,,,,,,,232.0,48.0,,,,,4.0,,,1.0,3580
_250m_16_days_VI_Quality_2025193_aid0001,aid0001,2025-07-12 00:00:00+00:00,,,,,,,,,,,97961.0,,3396.0,,5.0,88.0,20.0,,,,372.0,68.0,,,,40.0,16.0,,,,,,738.0,,12.0,,108.0,20.0,,,,6195.0,970.0,,,,2239.0,1080.0,,36.0,,1.0,24623.0,16.0,,1128.0,,8.0,6788.0,,3.0,,,,,664.0,,,1188.0,,,10140.0,,,2824.0,,,,,66666,,6780,,219,785.0,,,,,,5.0,,,2108,136.0,,,,,3.0,12382,12,,122.0,1200.0,,,8.0,,1130.0,,,3.0,21.0,41022,,2778,,359,122.0,,,,,,6.0,,,,,,,358.0,,,,,,24.0,,,,,,,7819,84,,369.0,803.0,,,4.0,,,,,,233.0,,,10.0,,,,,,,,,,,56.0,,,,20.0,,,,,509.0,124.0,,,,35.0,44.0,,,,,,1303.0,,12.0,,219.0,16.0,,,,9370.0,739.0,,,11.0,4316.0,1832.0,,398.0,4.0,118.0,,314.0,,2.0,835.0,,1.0,56.0,,,1219.0,,2.0,788.0,,,5787.0,,2.0,5587.0,,1.0,,,,,,144.0,,,,,,,,1825.0,312.0,,64.0,,,23.0,,,,259.0,,,3.0,1950.0,36,,35.0,3.0,,,,,5.0,17.0,,,,,,3.0,,,,,,456.0,,,,,,80.0,,,,,,,,,,164.0,,,4.0,,,,,506.0,,,70.0,,,,,,,3768
_250m_16_days_VI_Quality_2025209_aid0001,aid0001,2025-07-28 00:00:00+00:00,,,,,,,,,,,84629.0,,26628.0,,,51.0,,,,1.0,104.0,,,,,16.0,,,,,,96.0,2000.0,,2391.0,,1763.0,,,,,3037.0,148.0,,,1.0,239.0,2817.0,,1112.0,,,21353.0,1633.0,1.0,56.0,,,104.0,,,66.0,,,,1412.0,565.0,,442.0,,2.0,3860.0,40.0,1.0,2723.0,178.0,,,,54009,,27217,,6,36.0,,30.0,,,,,,,1585,448.0,231.0,307.0,,,25.0,12325,3168,,29.0,,32.0,,,,460.0,960.0,,15.0,,35684,92.0,7393,,67,,,,,,,,,,,,,,126.0,,342.0,,,,47.0,,,,,,,5577,3931,,93.0,23.0,,,,,,,,,116.0,257.0,,3.0,,,,,,,,,,,,99.0,4.0,,88.0,,,,,213.0,4.0,,,1.0,16.0,,52.0,,,,,801.0,188.0,948.0,,2221.0,,,,4.0,3528.0,199.0,,48.0,1.0,360.0,1444.0,508.0,1223.0,,36.0,8.0,44.0,,,56.0,,,24.0,,,1542.0,359.0,,608.0,,,6996.0,44.0,,2678.0,516.0,,,,268.0,16.0,,488.0,8.0,,,,,,,2867.0,803.0,184.0,813.0,,,16.0,,128.0,,76.0,,,,1952.0,523,,9.0,2.0,,,,,6.0,56.0,,,,,,,,,,,,332.0,31.0,14.0,,,,20.0,,,,,,,,,,56.0,,,,,,,,499.0,75.0,,22.0,,,,,,,3537
_250m_16_days_VI_Quality_2025225_aid0001,aid0001,2025-08-13 00:00:00+00:00,6.0,12.0,,,,,,,,372.0,34903.0,,28219.0,,5.0,1477.0,,,,,3571.0,20.0,,,11.0,36.0,,,,,,612.0,1441.0,64.0,1746.0,,1864.0,20.0,,,,12043.0,272.0,132.0,87.0,12.0,1073.0,1012.0,464.0,943.0,,,16110.0,10358.0,5.0,140.0,,,218.0,,2.0,,96.0,,,2653.0,1495.0,2.0,281.0,44.0,3.0,3849.0,562.0,34.0,1746.0,2352.0,,,48.0,35926,196.0,49163,,281,2013.0,,103.0,,,,63.0,,,4515,236.0,2691.0,2049.0,,,85.0,9846,9320,,209.0,76.0,46.0,,8.0,,915.0,2199.0,,60.0,577.0,14193,360.0,19991,,712,366.0,,,13.0,,,17.0,,,,,,,1186.0,,301.0,180.0,,,355.0,,,3.0,,,1.0,6289,4105,,446.0,54.0,107.0,,3.0,,,,,,472.0,466.0,,54.0,,,,,,,,,,48.0,20.0,36.0,36.0,,81.0,,,,1.0,572.0,,138.0,,,,,4.0,40.0,,,204.0,575.0,168.0,1557.0,,655.0,,,,,10120.0,292.0,436.0,309.0,6.0,908.0,1101.0,538.0,2142.0,,60.0,67.0,,,,48.0,36.0,,32.0,64.0,,739.0,1082.0,,44.0,,,1364.0,1614.0,2.0,1661.0,5846.0,4.0,,,,285.0,2.0,193.0,,,,,,4.0,,1975.0,224.0,1120.0,2767.0,,,40.0,28.0,364.0,,63.0,,,2.0,832.0,2487,,45.0,132.0,,,,,86.0,20.0,4.0,,45.0,,,,,,,,,513.0,5.0,41.0,547.0,,,434.0,,,4.0,,,,122.0,,6.0,5.0,,,7.0,,,,,432.0,74.0,,36.0,,,,,,,3503
_250m_16_days_VI_Quality_2025241_aid0001,aid0001,2025-08-29 00:00:00+00:00,,,,,,,,,,20.0,27818.0,,9253.0,,30.0,11275.0,,,,14.0,26300.0,48.0,,,5.0,160.0,20.0,12.0,,,,160.0,48.0,85.0,906.0,1.0,8656.0,,52.0,,8.0,13525.0,184.0,97.0,148.0,19.0,490.0,182.0,56.0,297.0,,,16772.0,2950.0,9.0,396.0,24.0,6.0,1122.0,152.0,,172.0,472.0,,,672.0,800.0,,1196.0,464.0,,6027.0,1888.0,,836.0,1206.0,,,111.0,35484,,32987,,421,10837.0,,202.0,,,,272.0,,,6001,28.0,4547.0,433.0,,,189.0,10075,5429,,321.0,254.0,,,62.0,,270.0,1519.0,,125.0,1831.0,14938,76.0,6907,,1949,5018.0,,38.0,,,,218.0,,,,,,,1578.0,,976.0,122.0,,,709.0,,,,,2.0,2.0,9055,3456,,1073.0,154.0,68.0,,26.0,,,,,,163.0,550.0,,108.0,,,,,,,,,,,16.0,,36.0,,776.0,,,,,3097.0,20.0,,,12.0,28.0,32.0,24.0,8.0,,,22.0,296.0,40.0,234.0,6.0,1697.0,12.0,,,15.0,18666.0,358.0,16.0,,9.0,3919.0,1007.0,97.0,354.0,6.0,24.0,56.0,80.0,,,870.0,,,340.0,238.0,,433.0,143.0,3.0,471.0,,10.0,4814.0,364.0,5.0,2736.0,544.0,,24.0,,,,,1046.0,,,,,,54.0,,3421.0,216.0,279.0,278.0,,,156.0,,44.0,,93.0,,,7.0,868.0,243,,122.0,185.0,2.0,21.0,,,73.0,801.0,,55.0,,,,15.0,,,,,,1494.0,28.0,81.0,57.0,,,186.0,,,,,,,49.0,,3.0,,,,,,,,,528.0,95.0,,101.0,,,5.0,,,1.0,3571
_250m_16_days_VI_Quality_2025257_aid0001,aid0001,2025-09-14 00:00:00+00:00,1.0,,,,,,,,,,34107.0,28.0,6679.0,,62.0,10437.0,,248.0,,1.0,10988.0,,572.0,,1.0,620.0,68.0,72.0,,,,20.0,180.0,123.0,234.0,16.0,2988.0,,,12.0,7.0,23711.0,132.0,104.0,168.0,3.0,1315.0,568.0,435.0,1037.0,,,17816.0,7739.0,47.0,268.0,128.0,,765.0,188.0,,2149.0,535.0,,,311.0,1553.0,,152.0,40.0,,3071.0,1219.0,,1880.0,2308.0,,,47.0,38217,754.0,14530,,494,7280.0,49.0,3128.0,,,,223.0,,,8275,107.0,3142.0,100.0,,,184.0,10862,5549,,462.0,403.0,102.0,,8.0,,462.0,992.0,,44.0,220.0,15454,,6375,,1735,893.0,20.0,391.0,,,,95.0,,,,,,,2507.0,53.0,129.0,,,,456.0,,,,,,,12412,4135,,971.0,250.0,262.0,,34.0,,,,,,391.0,259.0,,79.0,,,,,,,,,,,16.0,101.0,71.0,,1545.0,,,,6.0,2231.0,,76.0,,2.0,592.0,40.0,38.0,52.0,,,68.0,625.0,377.0,626.0,4.0,1811.0,,,,37.0,13510.0,122.0,104.0,64.0,8.0,1737.0,1127.0,1166.0,2040.0,,100.0,474.0,84.0,,,524.0,,,431.0,664.0,,401.0,1625.0,,239.0,,1.0,4324.0,112.0,4.0,3029.0,5812.0,3.0,,,1166.0,,7.0,2422.0,,300.0,,,,181.0,,4891.0,186.0,2851.0,355.0,,,194.0,,116.0,14.0,297.0,,,4.0,1062.0,1797,,87.0,526.0,,,,,463.0,510.0,32.0,47.0,,,,85.0,,,,,,1975.0,168.0,615.0,,,,813.0,,,3.0,,,,79.0,,17.0,139.0,120.0,,23.0,,,,,693.0,258.0,,119.0,,,1.0,,,3.0,3482
