File,aid,Date,14,18,68,273,277,1050,1054,1314,2061,2062,2065,2066,2111,2116,2118,2120,2122,2124,2175,2185,2186,2189,2190,2239,2257,2258,2261,2262,2303,2321,2322,2325,2326,2367,2376,2378,2380,2382,2431,2445,2446,2449,2450,2495,2517,2518,2521,2522,2559,3098,3102,3135,3154,3158,3162,3222,3226,3230,3263,3294,3298,3358,3362,3414,3418,3482,3486,3554,3558,3583,4109,4110,4113,4114,4118,4159,4164,4166,4168,4170,4172,4174,4223,4237,4287,4369,4370,4373,4374,4377,4415,5146,5150,5154,5183,5202,5206,5210,5247,5406,5410,5414,5439,6157,6158,6161,6162,6166,6207,6212,6214,6216,6218,6220,6222,6271,6281,6285,6335,6353,6357,6361,6399,6417,6418,6421,6422,6425,6463,6472,6591,6613,6617,6618,6621,6655,7194,7198,7202,7231,7250,7254,7258,7295,7390,7423,7454,7458,7462,7487,7650,7654,7679,33053,34090,34837,34838,34841,34842,34892,34894,34896,34898,34961,34962,34965,34966,35033,35034,35037,35038,35097,35098,35101,35102,35152,35154,35156,35158,35199,35221,35222,35225,35226,35263,35293,35294,35297,35298,35327,35874,35878,35930,35934,35998,36002,36070,36074,36134,36138,36159,36190,36194,36258,36262,36287,36330,36334,36351,36885,36889,36890,36927,36940,36942,36944,36946,36948,36991,37013,37145,37146,37149,37150,37153,37183,37922,37926,37951,37978,37982,38015,38182,38186,38190,38207,38933,38934,38937,38975,38988,38990,38992,38996,39039,39061,39103,39129,39133,39167,39193,39194,39197,39198,39201,39231,39317,39359,39389,39390,39393,39394,39397,39423,39970,39974,39999,40026,40030,40034,40063,40166,40191,40230,40234,40238,40255,40426,40430,40447,51199
_250m_16_days_VI_Quality_2022353_aid0001,aid0001,2022-12-19 00:00:00+00:00,,,,1.0,,,,,,,,,,129815.0,,75.0,,,,79150.0,,1514.0,,,1117.0,,4.0,,,,,,,,,,,,,4.0,,,,,,,,,,,,,4.0,,,88.0,120.0,,,44.0,,,,,,,,,,,,17.0,,12.0,,,24569.0,,2383.0,,,,68.0,,,573,,46.0,,,7.0,1.0,5.0,,,,24.0,,,,27.0,,1.0,86.0,93.0,,238.0,,256.0,6843.0,,318.0,,,,242.0,,,,34.0,21.0,,47.0,72.0,,77.0,,,25.0,,,,,,,2.0,71.0,65.0,,9.0,,3.0,,1.0,,,,8.0,,7.0,,,,,,,,,,,,,,20.0,,,,,,,,,,,,,,,,,,,,,,,,,,,,,,,,,,,,,,,,,,,,,,,,,,110.0,,16.0,,,,,95.0,4.0,21.0,,,2.0,,,,,29.0,3.0,12.0,21.0,,2.0,,,,,7.0,,39.0,,1.0,,,11.0,,5.0,4.0,4.0,36.0,,,8.0,,,1.0,,,,,6.0,,,,,,,,,,4.0,4.0,,,,,4.0,59
_250m_16_days_VI_Quality_2023001_aid0001,aid0001,2023-01-01 00:00:00+00:00,,,,,,,,,,,,,,141699.0,,28.0,,,,74101.0,,124.0,,,314.0,,20.0,,,,,,,,,,,,,20.0,,,,,,,,,,,,,16.0,,,48.0,,,,,,,,,,,,,,,,25.0,,10.0,,5.0,21915.0,,473.0,,,,128.0,,,426,,75.0,,,20.0,4.0,8.0,,5.0,11.0,,,1.0,,23.0,,,55.0,24.0,,16.0,,279.0,7206.0,,174.0,,,,376.0,,,,54.0,18.0,,149.0,57.0,,35.0,,,11.0,,,,,,,,,8.0,,,21.0,7.0,,3.0,,,,,,,,,,,,,,,,,,,,16.0,,,,,,,,,,,,,,,,,,,,,,,,,,,,,,,,,,,,,,,,,,,,,,,,,,116.0,,35.0,,,1.0,,46.0,,10.0,,,5.0,,,,,,,,11.0,,,,,,,14.0,,27.0,,,,,,,,,,6.0,,,10.0,,,4.0,,,,,,,,,,,,,,,,,,,,,,106
_250m_16_days_VI_Quality_2023017_aid0001,aid0001,2023-01-17 00:00:00+00:00,,,,,,,,,,,,,,199298.0,,,,,,15913.0,,,,,3.0,,,,,,,,,,,,,,,4.0,,,,,4.0,,,,,,,,52.0,,,43.0,,,,,,,,,,,,,,,,28.0,,,,,22982.0,,507.0,,,,37.0,,,315,,94.0,,,16.0,1.0,10.0,,,12.0,38.0,,,21.0,32.0,,2.0,28.0,96.0,4.0,74.0,,93.0,7503.0,,581.0,,,,345.0,,,,,9.0,,32.0,36.0,,30.0,,,18.0,,,,,,,,44.0,4.0,,,9.0,4.0,,9.0,,,,1.0,,1.0,,,,,,,,,,,,,,,,,,,,,,,,,,,,,,,,,,,,,,,,,,,,,,,,,,,,,,,,,,,,,,,,102.0,,26.0,,,1.0,,77.0,,39.0,,,5.0,,,,7.0,4.0,,14.0,6.0,,3.0,,,,,,,2.0,,2.0,,,,,,8.0,,16.0,,,,,,,,,,,,,,,,,,,,,,4.0,,,,,,38
_250m_16_days_VI_Quality_2023033_aid0001,aid0001,2023-02-02 00:00:00+00:00,,,,,,,,,,,,,,102031.0,,68.0,,,,113556.0,,64.0,,,8.0,,,,,,,,,,,,,,,20.0,,,,,10.0,,,,,,,,,,,32.0,,,,,,,,,,,,,,,,150.0,,5.0,,3.0,21782.0,,936.0,,,,22.0,,,610,,8.0,,,4.0,4.0,,,,15.0,4.0,,1.0,,2.0,,,,143.0,50.0,86.0,,48.0,6958.0,,786.0,,,,169.0,,,,56.0,24.0,,61.0,157.0,,48.0,,,13.0,,,,4.0,,,1.0,3.0,,,,8.0,7.0,,4.0,,,,,,,,,,,,,,,,,,,,4.0,,,,,,,,,,,,,,,,,,,,,,,,,,,,,,,,,,,,,,,,,,,,,,,,,,130.0,,20.0,,,,,80.0,,3.0,,,1.0,,,,,,,,1.0,,,,,,,25.0,,42.0,,12.0,,,5.0,,5.0,131.0,,27.0,,,9.0,,,1.0,,,,,3.0,,,,,7.0,,1.0,,,16.0,,,,,,,87
_250m_16_days_VI_Quality_2023049_aid0001,aid0001,2023-02-18 00:00:00+00:00,,,,,,,,,,,,,,52578.0,,,,,,157307.0,,53.0,,,16.0,,,,,,,,,,,,,,,15.0,,,,,,,,,,,,,,,,,,,,,,,,,,,,,,,,56.0,,,,,27060.0,,1938.0,,,,35.0,,,439,,32.0,,,8.0,7.0,,,,,,,,6.0,5.0,,,242.0,52.0,,9.0,,18.0,7970.0,,238.0,,,,104.0,,,,2.0,8.0,,44.0,29.0,,4.0,,,12.0,,,9.0,,,,5.0,31.0,4.0,,,,,,,,8.0,4.0,,,,,,2.0,,,,,,,,,,,,,,,,,,,,,,,,,,,,,,,,,,,,,,,,,,,,,,,,,,,,,,,,,,,,,49.0,,16.0,,,5.0,,68.0,,,,,3.0,,,,,,,,,,,,,,,,,,,,,,4.0,,2.0,10.0,,2.0,,,1.0,,,2.0,,,,,2.0,,,,,,,,,,,,,,,,3.0,54
_250m_16_days_VI_Quality_2023065_aid0001,aid0001,2023-03-06 00:00:00+00:00,,,,,,,,,56.0,,,,,134824.0,,,,,,81280.0,,,,,136.0,,,,,,,,,,4.0,,,,,48.0,,,,,,,,,,,,,,,,,,,,,,,,,,,,,,,92.0,88.0,,,,,21894.0,,,,,,3.0,,,601,,3.0,,,,,4.0,,,,32.0,,,,223.0,,,26.0,284.0,,338.0,,5.0,7052.0,,,,,,10.0,,,,12.0,,,3.0,554.0,,,,,15.0,,,6.0,,,,,16.0,67.0,,,,,,,,,,10.0,,,,,,,,,,,,,,,,,,,,,,,,,,,,,,,,,,,,,,7.0,,,,,,,,,,,,,,,,,,,,,,,,,,,,198.0,,,,,,,65.0,,3.0,,,1.0,,,,,,,,133.0,,,75.0,,,1.0,298.0,,,,15.0,,,8.0,,2.0,172.0,,,,,3.0,,,12.0,,,,,8.0,,,,,,,,,,,78.0,,,,,,46
_250m_16_days_VI_Quality_2023081_aid0001,aid0001,2023-03-22 00:00:00+00:00,1.0,,,,,,,,,633.0,,82.0,2.0,58459.0,,12.0,,,,124779.0,,796.0,,1.0,18970.0,,660.0,,,,,,,,340.0,,,,,3876.0,,,,,1495.0,16.0,4.0,40.0,1.0,530.0,48.0,,,4.0,,,20.0,,,16.0,216.0,,,,,,,210.0,119.0,,4.0,873.0,,69.0,,10.0,21699.0,,814.0,,,,9.0,,,1297,11.0,64.0,,,11.0,77.0,32.0,,,,4.0,,,10.0,68.0,,,124.0,270.0,,136.0,,53.0,7588.0,,433.0,,,,42.0,,,,17.0,,,4.0,379.0,4.0,57.0,,,15.0,,,,,,,,12.0,12.0,,,,,,,,,,6.0,,,,,,,,,,,,96.0,,,,544.0,,,,178.0,,60.0,,,,,,48.0,,,,,736.0,,,,,321.0,12.0,56.0,,,,,,,,,,8.0,,,,,,,,,209.0,8.0,,,,,,135.0,,60.0,,,,,38.0,,70.0,,,2.0,,,,,24.0,,,119.0,,,,,,,196.0,,99.0,,,,,,,,123.0,8.0,34.0,,,6.0,,,,,,,,9.0,,,,,,,,,,12.0,9.0,,,,,,65
_250m_16_days_VI_Quality_2023097_aid0001,aid0001,2023-04-07 00:00:00+00:00,,,,,,,,,,,,,,86065.0,,,,,,109094.0,,11124.0,,,,,,,,,,,,,,,,,,,,,,,,,,,,,,,,,,,,,,,,,,,,,,,,,,22.0,,13.0,,,19697.0,,13245.0,,,,2.0,,,139,,176.0,,,1.0,,,,,,,,,,,,,63.0,,,,,28.0,6478.0,,2509.0,,,,37.0,,,,,1.0,,12.0,,,,,,,,,,,,,,,,,,,52.0,,,,,,,,,,,,,,,,,,,,,,,,,,,,,,,,,,,,,,,,,,,,,,,,,,,,,,,,,,,,,,,,,,,,,,,,,,,,,,,4.0,,3.0,,,,,,,,,,,3.0,,,,,,,,,,,,,,,,,,,,,,,,,,,,,,,,,,,,,,,,,,,,,,,59
_250m_16_days_VI_Quality_2023113_aid0001,aid0001,2023-04-23 00:00:00+00:00,,,,,,,,,,,,,,47794.0,,,,,,166135.0,,,,,92.0,,4.0,,,,,,,,,,,,,8.0,,,,,8.0,,,,,,,,,,,,,,,,,,,,,,,,,,4.0,61.0,,8.0,,2.0,24844.0,,402.0,,,,10.0,,,313,,17.0,,,4.0,4.0,,,,6.0,,,,,,,,20.0,16.0,,11.0,,1.0,7723.0,,999.0,,,,18.0,,,,,,,2.0,40.0,4.0,,,,,,,,,,,,24.0,,,,,8.0,,,,,,,,,,,,,,,,,,,,,,,,,,,,,,,,,,,,,,,7.0,,,,,,,,,,,,,,,,,,,,,,,,,,,,,,,,,33.0,,,,,,,39.0,,4.0,,,,,,,,,,,,,,4.0,,,,35.0,,16.0,,1.0,,,,,,18.0,4.0,,,,,,,,,,,,,,,,,,,,,,,,,,,,,84
_250m_16_days_VI_Quality_2023129_aid0001,aid0001,2023-05-09 00:00:00+00:00,,,,,,,,,,1.0,,,,72.0,,345.0,,,,25737.0,,131183.0,,,25418.0,,15881.0,,,,,,,,,,,,,2.0,,,,,,,,,,,,,,,,,,,,,,,,,,,,,,,,21.0,,29.0,,,20077.0,,20009.0,,,,,,,53,16.0,448.0,,,,18.0,9.0,,,7.0,,,,19.0,18.0,,,21.0,4.0,,4.0,,,5515.0,,3418.0,,,,,,,,,,,,,,76.0,,,,,,,,,,,6.0,,,,8.0,,,,,,,,,,,,,1.0,,,,,,,,,,,,,,,,,,,,,,,,,,,,,,,,,,,,,,,,,,,,,,,,,,,,,,,,,,,,12.0,,81.0,,,,,1.0,,140.0,,,,,,,,,,10.0,8.0,,,,,,,,8.0,,,,,,,,,4.0,,5.0,,,,,,,,,,,,1.0,,,,,,,,,,,,,,,,141
_250m_16_days_VI_Quality_2023145_aid0001,aid0001,2023-05-25 00:00:00+00:00,,,,,,1.0,,,316.0,1573.0,,470.0,,43685.0,,,,,,135572.0,,392.0,,,4883.0,45.0,9357.0,,,16.0,,,,,449.0,,,,,6639.0,,183.0,,,1313.0,69.0,259.0,33.0,1.0,1156.0,653.0,,12.0,,,1138.0,44.0,,,1181.0,1564.0,,,4.0,,220.0,63.0,508.0,643.0,,336.0,623.0,,57.0,,,18261.0,,1225.0,,,,,,,1355,48.0,128.0,,,,105.0,34.0,,,3.0,114.0,,,106.0,85.0,,,103.0,325.0,,76.0,,,7545.0,8.0,132.0,,,,,,,,,,,,491.0,,45.0,,,,,,,,,,,12.0,4.0,,,52.0,,,,,,,4.0,,,,,,,,,,,,52.0,,,,604.0,,36.0,,388.0,,109.0,,,,,,38.0,,,,,896.0,,4.0,,,730.0,48.0,128.0,,,,,,,,,20.0,4.0,,,,,,12.0,16.0,,264.0,328.0,,,,,,76.0,,168.0,,,,,241.0,,255.0,,,,,,,,,,10.0,92.0,,,,,,,204.0,,88.0,,,,,,,,179.0,,20.0,,,,,,,,,,,,,,,,,,,,,,8.0,,,,,,90
_250m_16_days_VI_Quality_2023161_aid0001,aid0001,2023-06-10 00:00:00+00:00,,,,,,,,,44.0,33267.0,,7157.0,,25960.0,1033.0,,,,,19921.0,2209.0,,,,4818.0,532.0,194.0,,,660.0,32.0,,3.0,,25382.0,1448.0,,4.0,,9038.0,5762.0,52.0,166.0,,2729.0,4489.0,211.0,295.0,,21711.0,1256.0,,4189.0,,,2310.0,,,,2295.0,416.0,241.0,,6324.0,,10334.0,5.0,5390.0,482.0,,100.0,7186.0,,2149.0,,,6497.0,,,,,,5.0,,,6404,32.0,167.0,,,12.0,1047.0,267.0,,,66.0,,,4.0,77.0,,,,102.0,2102.0,,286.0,,34.0,3472.0,20.0,,,,,96.0,,,,,,,,1739.0,27.0,40.0,,,60.0,,,,,,,,306.0,136.0,,1.0,31.0,,,1.0,,,156.0,,,4.0,,,,,,,,,,39.0,,,,353.0,,,,196.0,24.0,132.0,26.0,,12.0,28.0,80.0,537.0,280.0,,4.0,,1127.0,1275.0,,266.0,,310.0,1471.0,396.0,1102.0,,,,20.0,,436.0,,96.0,291.0,,82.0,,653.0,,2320.0,4.0,,1687.0,781.0,,,,,,183.0,,88.0,,,,,544.0,,144.0,4.0,,,,,,,,,20.0,,,,,,,,40.0,,,,,,,,,,386.0,36.0,32.0,57.0,,4.0,,,,,,,,,,,,,56.0,,,,,94.0,55.0,,7.0,,,,64
_250m_16_days_VI_Quality_2023177_aid0001,aid0001,2023-06-26 00:00:00+00:00,,1.0,,,,,,,60.0,35774.0,,18598.0,,51095.0,700.0,,,,,1577.0,1810.0,,100.0,,51.0,260.0,,148.0,,374.0,29.0,,91.0,,28987.0,757.0,,,1.0,5241.0,5224.0,52.0,12.0,,279.0,1729.0,58.0,1148.0,,13228.0,1666.0,,4438.0,,,685.0,,,,430.0,27.0,28.0,8.0,3244.0,,4732.0,36.0,1481.0,214.0,,,9853.0,,5602.0,,,4493.0,40.0,,,,,,,,2796,,25.0,,,,842.0,141.0,,,,,,,,,,,20.0,4256.0,,1013.0,,1.0,844.0,,,,,,,,,,,,,,592.0,4.0,,,,,,,,,,,,515.0,574.0,,5.0,32.0,,,,,,16.0,,,,,,,,,52.0,3.0,,,1355.0,24.0,,,139.0,87.0,,,44.0,,,,224.0,16.0,,8.0,7552.0,226.0,,,,1861.0,1716.0,,,,647.0,1681.0,73.0,2466.0,1.0,,,666.0,,168.0,,257.0,,,27.0,,3310.0,,3197.0,59.0,,2716.0,1021.0,1.0,,,,,440.0,,,,,,,1662.0,5.0,10.0,45.0,,,,,,,,,8.0,,,,,,,,96.0,,,,,,,,,,552.0,88.0,4.0,3.0,,,,,,,,,,,,,,24.0,,,,,,156.0,12.0,,,,,,88
_250m_16_days_VI_Quality_2023193_aid0001,aid0001,2023-07-12 00:00:00+00:00,,,,,,,,,133.0,6647.0,129.0,4418.0,,99763.0,244.0,7951.0,2253.0,,,2570.0,658.0,4862.0,943.0,,,20.0,62.0,,,224.0,,298.0,124.0,,25461.0,251.0,3972.0,1318.0,,6500.0,1471.0,1466.0,2550.0,2.0,56.0,103.0,12.0,157.0,,3680.0,1156.0,,8189.0,972.0,,916.0,2385.0,,,8.0,144.0,12.0,31.0,2636.0,250.0,3140.0,730.0,292.0,178.0,,,1525.0,,2226.0,,,16104.0,,176.0,28.0,,,44.0,,,1722,9.0,1017.0,4.0,,6.0,310.0,60.0,,3.0,26.0,,,2.0,38.0,16.0,,,247.0,136.0,,43.0,,373.0,7316.0,,,,,,356.0,,,,,,,,348.0,,,,,,,,,,,,,36.0,12.0,,,37.0,,,3.0,,,21.0,10.0,,2.0,,,,,,,,,,1495.0,100.0,92.0,196.0,424.0,580.0,662.0,60.0,,16.0,12.0,,12.0,,28.0,8.0,2705.0,272.0,40.0,742.0,,1135.0,991.0,1023.0,926.0,,158.0,71.0,72.0,271.0,,,28.0,433.0,36.0,224.0,164.0,,24.0,,56.0,,1230.0,8.0,1015.0,445.0,,185.0,274.0,,,,,,179.0,,104.0,,,1.0,,326.0,16.0,90.0,,,,,,,8.0,,,25.0,12.0,,,,,,,56.0,,,,,,,,,,16.0,16.0,11.0,19.0,,1.0,,,,,,,,,,,,12.0,,,,,,8.0,8.0,,4.0,,,,109
_250m_16_days_VI_Quality_2023209_aid0001,aid0001,2023-07-28 00:00:00+00:00,,,,,,,,,,155859.0,52.0,12221.0,,1523.0,48.0,7124.0,,,,97.0,28.0,2022.0,,,,,,,,,32.0,48.0,28.0,,2636.0,783.0,1237.0,,,1618.0,3427.0,1170.0,4.0,,104.0,2247.0,,476.0,,7628.0,1690.0,,160.0,,,12.0,24.0,,,,48.0,,8.0,309.0,,1225.0,27.0,353.0,52.0,,,20265.0,,3461.0,,,,,188.0,,,,,,,52,124.0,281.0,5.0,,,451.0,72.0,,6.0,,,,,1.0,,,,,7842.0,,766.0,,1.0,,,84.0,,,,,,,,,,,,32.0,163.0,,4.0,,1.0,,,,,,,,294.0,22.0,,2.0,,,,,,,,,,,,,,,,,,,,280.0,,500.0,,16.0,20.0,293.0,,,,,,,,32.0,172.0,866.0,65.0,567.0,,,1019.0,456.0,457.0,40.0,,18.0,649.0,,1645.0,,,,68.0,,,,,,,79.0,,463.0,,1434.0,76.0,,462.0,111.0,,,,,,,,,,,,,,16.0,296.0,61.0,,,,,,,,,,88.0,,,,,,,,,15.0,,,,,,,,,28.0,,,,4.0,,,,,,,,,,,,,,,,,,,,,,,,,94
_250m_16_days_VI_Quality_2023225_aid0001,aid0001,2023-08-13 00:00:00+00:00,,,,,,,,,,52342.0,674.0,27586.0,,2912.0,,4161.0,,,1.0,1658.0,121.0,3234.0,92.0,,,28.0,371.0,148.0,,64.0,44.0,94.0,4.0,,6401.0,68.0,4088.0,32.0,,7299.0,1220.0,6263.0,336.0,,136.0,3162.0,349.0,1183.0,1.0,13388.0,14921.0,,108.0,1352.0,,1152.0,10372.0,,,28.0,4825.0,20.0,152.0,660.0,1268.0,4254.0,10385.0,916.0,4542.0,,124.0,6016.0,828.0,7225.0,,30.0,2992.0,,5240.0,,,,82.0,,,1465,12.0,1985.0,8.0,,19.0,907.0,562.0,,13.0,48.0,132.0,,12.0,42.0,227.0,,4.0,168.0,2293.0,,370.0,,1074.0,922.0,,212.0,,,,190.0,,,,,,,,319.0,4.0,201.0,8.0,,104.0,,,,,,,,1226.0,195.0,,118.0,65.0,458.0,,13.0,,,73.0,32.0,,11.0,,,,,,,,,,155.0,20.0,40.0,,44.0,,20.0,,,24.0,,,,28.0,,72.0,891.0,132.0,72.0,136.0,,1715.0,396.0,216.0,88.0,,44.0,1385.0,59.0,976.0,,,,28.0,120.0,16.0,640.0,,399.0,20.0,185.0,,668.0,180.0,2703.0,1028.0,,400.0,2147.0,,,624.0,,4.0,300.0,,853.0,,,36.0,,365.0,8.0,1342.0,11.0,,5.0,,,,30.0,60.0,2.0,92.0,191.0,,,45.0,,,135.0,108.0,,40.0,,19.0,,,,,,257.0,1.0,171.0,,,131.0,,,,,,,,,,,,,63.0,,1.0,,,147.0,167.0,,29.0,,,,99
_250m_16_days_VI_Quality_2023241_aid0001,aid0001,2023-08-29 00:00:00+00:00,4.0,5.0,,,,,,,,42337.0,,25136.0,,11520.0,,589.0,295.0,,,10176.0,,1684.0,1235.0,,728.0,35.0,,152.0,,,8.0,,18.0,,8025.0,4.0,321.0,204.0,,19941.0,814.0,2384.0,2466.0,,5807.0,956.0,663.0,3443.0,2.0,18068.0,2377.0,,784.0,131.0,,3229.0,1163.0,,1.0,158.0,509.0,80.0,,492.0,76.0,5451.0,1275.0,6015.0,2416.0,,,7974.0,,8610.0,,7.0,1324.0,,204.0,30.0,,,16.0,,,878,11.0,317.0,206.0,,6.0,2047.0,776.0,,19.0,55.0,122.0,,,170.0,36.0,,2.0,,2635.0,,2847.0,,54.0,391.0,,,,,,8.0,,,,,,,,266.0,4.0,12.0,8.0,,,,,,,,,,795.0,1321.0,,39.0,12.0,,,,,,88.0,8.0,,,,,,,,,8.0,,,622.0,,116.0,16.0,1889.0,32.0,281.0,89.0,238.0,24.0,48.0,,,22.0,27.0,47.0,1363.0,40.0,,448.0,,4993.0,864.0,363.0,1251.0,,3280.0,1281.0,331.0,1724.0,,8.0,,198.0,,759.0,64.0,569.0,142.0,44.0,56.0,,692.0,180.0,4869.0,179.0,1.0,5615.0,943.0,1.0,,,,,603.0,,,,,5.0,,731.0,3.0,40.0,11.0,,1.0,,,,32.0,,,194.0,99.0,,2.0,,,,,227.0,,,,1.0,,,,,,197.0,36.0,,12.0,,2.0,,,5.0,,,,,2.0,3.0,,1.0,53.0,,,1.0,,,236.0,44.0,,4.0,,4.0,,86
_250m_16_days_VI_Quality_2023257_aid0001,aid0001,2023-09-14 00:00:00+00:00,1.0,4.0,,,,,,,16.0,12230.0,156.0,4643.0,1.0,89939.0,16.0,3831.0,2718.0,,1.0,11221.0,213.0,441.0,275.0,1.0,28.0,36.0,198.0,,,12.0,4.0,44.0,,,23910.0,,1096.0,914.0,2.0,21718.0,249.0,557.0,469.0,,689.0,113.0,779.0,65.0,,7836.0,724.0,,223.0,249.0,,563.0,25.0,,,72.0,7.0,,,120.0,,1330.0,69.0,491.0,142.0,,,2743.0,148.0,2507.0,,39.0,8901.0,,3216.0,,,,156.0,,,2094,1.0,882.0,28.0,,31.0,845.0,174.0,,10.0,148.0,,,67.0,24.0,6.0,,4.0,463.0,696.0,,859.0,,521.0,2879.0,,14.0,,,,264.0,,,,7.0,,,8.0,455.0,,144.0,22.0,,134.0,,,16.0,,,,8.0,237.0,182.0,,46.0,32.0,16.0,,16.0,,,8.0,17.0,,13.0,3.0,,5.0,,,16.0,,,,4140.0,,218.0,284.0,1607.0,91.0,19.0,56.0,4.0,32.0,28.0,,4.0,,16.0,60.0,4318.0,,241.0,338.0,,10409.0,129.0,84.0,431.0,,692.0,166.0,238.0,161.0,,,,136.0,53.0,262.0,,,,8.0,,,229.0,44.0,1079.0,82.0,,254.0,33.0,1.0,4.0,104.0,,,756.0,8.0,477.0,,,29.0,,967.0,55.0,721.0,138.0,,44.0,,,,19.0,,5.0,47.0,70.0,,5.0,9.0,,,63.0,328.0,,39.0,,64.0,,,8.0,,4.0,590.0,11.0,155.0,30.0,,193.0,,,6.0,,,,,58.0,,,,18.0,,,2.0,,,106.0,18.0,,38.0,,,,105
_250m_16_days_VI_Quality_2023273_aid0001,aid0001,2023-09-30 00:00:00+00:00,,,,,,,,,35.0,19347.0,32.0,14566.0,1.0,30679.0,16.0,5819.0,177.0,,,13735.0,444.0,734.0,6.0,,8299.0,,,571.0,,4.0,,8.0,12.0,,10158.0,117.0,3451.0,1451.0,,8643.0,1541.0,934.0,2049.0,,14099.0,614.0,9.0,1113.0,1.0,12072.0,3851.0,,1008.0,1855.0,,765.0,2196.0,,,1274.0,1210.0,,32.0,1252.0,1817.0,2492.0,4884.0,5030.0,8737.0,,16.0,4733.0,332.0,3626.0,,1.0,4865.0,,3121.0,,,,79.0,,,1540,,3615.0,105.0,,24.0,832.0,72.0,,1.0,33.0,95.0,,2.0,20.0,142.0,,,38.0,1708.0,76.0,520.0,,26.0,824.0,,1117.0,,,,116.0,,,,4.0,,,,415.0,,957.0,16.0,,48.0,,,10.0,,,,3.0,521.0,115.0,,16.0,45.0,29.0,,14.0,,,94.0,201.0,,7.0,,,,,,,,,3.0,1132.0,,,22.0,655.0,36.0,16.0,,1030.0,,,64.0,,8.0,,16.0,959.0,42.0,141.0,182.0,,2864.0,456.0,173.0,210.0,,9432.0,951.0,91.0,479.0,,,,130.0,36.0,84.0,141.0,116.0,24.0,,12.0,,291.0,176.0,1414.0,495.0,,4371.0,90.0,,,,,,487.0,,348.0,,,9.0,,934.0,4.0,855.0,40.0,,,,,,,,,64.0,39.0,,4.0,,,124.0,,388.0,,146.0,,30.0,,,30.0,,44.0,831.0,8.0,122.0,7.0,,31.0,,,49.0,,,,,24.0,,,,4.0,55.0,,3.0,11.0,15.0,151.0,135.0,,2.0,,,4.0,53
_250m_16_days_VI_Quality_2023289_aid0001,aid0001,2023-10-16 00:00:00+00:00,,,,,,,,,,,,,,204357.0,,455.0,,,,10051.0,,12.0,,,,,,,,,,,,,,,,,,4.0,,,,,,,,,,,,,,,,,,,,,,,,,,,,,,,,10.0,,,,,24447.0,,362.0,,,,17.0,,,50,,3.0,,,,,,,,,,,,,,,,,3.0,,48.0,,1.0,7958.0,,818.0,,,,42.0,5.0,,,,,,,5.0,,17.0,,,4.0,,,,,,,,,9.0,,,,,,,,,,,,,,,,,,,,,,,,,,,,,,,,,,,,,,,,,,,,,,,,,,,,,,,,,,,,,,,,,,,,,,,,,,,,18.0,,40.0,,,2.0,,1.0,,,,,,,,,,,,,,,,,,,,8.0,,,,,,,,,,,,3.0,,,,,,,,,,,,,,,,,,,,,,,,,,,,77
_250m_16_days_VI_Quality_2023305_aid0001,aid0001,2023-11-01 00:00:00+00:00,,,,,,,,,,,,,,188789.0,,,,,,25159.0,,,,,13.0,,,,,,,,,,4.0,,,,,,,,,,,,,,,,,,,,,,,,,,,,,,,,,,,,,3.0,,,,,23398.0,,2087.0,,,,53.0,,,66,,20.0,,,2.0,,,,,,,,,,,,,39.0,33.0,,97.0,,8.0,7643.0,,1049.0,,,,110.0,1.0,,,,,,,28.0,,4.0,,,3.0,,,4.0,,,,,16.0,,,,2.0,13.0,,1.0,,,,,,,,,,,,,,,,,,,,,,,,,,,,,,,,,,,,,,,,,,,,,,,,,,,,,,,,,,,,,,,,,,,,,,15.0,,12.0,,,,,23.0,,4.0,,,,,,,15.0,,,,,,,,,,,,,5.0,,,,,2.0,,,14.0,,,,,,,,,,,,,1.0,,,,,,,,,,,,,,,,,91
_250m_16_days_VI_Quality_2023321_aid0001,aid0001,2023-11-17 00:00:00+00:00,,,,,,,,,,,,,,214496.0,,1922.0,,,,456.0,,38.0,,,,,,,,,,,,,4.0,,,,,,,,,,,,,,,6.0,,,,,,19.0,,,,,,,,,,,,,,,,3.0,,,,4.0,21615.0,,446.0,,,,176.0,,,1,,9.0,,,4.0,7.0,4.0,,,,,,,,,,,35.0,50.0,4.0,31.0,,262.0,7062.0,,950.0,,,,710.0,4.0,,20.0,,,,4.0,4.0,,,2.0,,,1.0,3.0,,,,,,,25.0,,,,,,,,,,8.0,,,,,,,,,,,,,,,,,,,,,,,,,,,,,,,,,8.0,,,,,5.0,,,,,,,,,,,,,,,,,,,,,,,,,,,,16.0,,,,,,,10.0,,1.0,,,,,,,,,,,3.0,,,,,,12.0,1.0,,,,8.0,,24.0,,,4.0,9.0,,,10.0,,13.0,1.0,15.0,21.0,,,,,9.0,,,,,,,,,,4.0,19.0,,,,,,73
_250m_16_days_VI_Quality_2023337_aid0001,aid0001,2023-12-03 00:00:00+00:00,,,,,,,,,,63.0,,12.0,,171178.0,,,,,,44424.0,,111.0,,,8.0,,38.0,,,3.0,,,,,713.0,,,,,45.0,,8.0,,,,,32.0,,,12.0,1.0,,20.0,,,76.0,,,,,,,,,,,,,,,,41.0,,74.0,,17.0,21990.0,,121.0,,,,118.0,,,138,,20.0,,,4.0,18.0,24.0,,21.0,12.0,,,,,3.0,,,132.0,461.0,,295.0,,161.0,6345.0,,150.0,,,,626.0,11.0,,4.0,,,,2.0,38.0,8.0,90.0,,,18.0,,,,3.0,,,,71.0,81.0,,9.0,8.0,,,,,,,,,,,,,,,,,,,42.0,,,,,,,,,,,,,,,,27.0,,,,,29.0,,,,,,,36.0,,,,,,,,,,,,,,,,10.0,,,,,,,,,,,,,,,,,4.0,,8.0,,,,,,,,,,,,,,,34.0,,,69.0,,,,5.0,,,,,,61.0,42.0,13.0,21.0,,9.0,,,9.0,,25.0,,,31.0,4.0,,,,,,,,,42.0,12.0,,,,,,112
_250m_16_days_VI_Quality_2023353_aid0001,aid0001,2023-12-19 00:00:00+00:00,,,,,,,,,,,,,,215486.0,,7.0,,,,1211.0,,1.0,,,28.0,,4.0,,,,,,,,54.0,,,,,4.0,,,,,,,,,,,,,16.0,,,,,,,,,,,,,,,,,,,23.0,,6.0,,,22450.0,,22.0,,,,123.0,,,98,,8.0,,,7.0,3.0,,,,7.0,4.0,,5.0,,4.0,,,36.0,254.0,,203.0,,76.0,7207.0,,42.0,,,,530.0,10.0,,6.0,21.0,8.0,,48.0,44.0,4.0,34.0,21.0,,20.0,,,,,,,13.0,14.0,58.0,,14.0,,,,12.0,,,3.0,4.0,,1.0,,,,,,,,,,,,,,,,,,,,,,,,,,,,,,,,,,,,,,,,,,,,,,,,,,,,,,,,,,,,,,,,6.0,,4.0,,,3.0,,8.0,,,,,,,,,,,,,,,,,,,,28.0,,,,7.0,,,17.0,,29.0,47.0,8.0,30.0,,,33.0,,,18.0,,,,,8.0,8.0,,,,,,,,,29.0,4.0,,3.0,,,,87
_250m_16_days_VI_Quality_2024001_aid0001,aid0001,2024-01-01 00:00:00+00:00,,,,,,,,,,1.0,,,,120685.0,,225.0,,,,39768.0,,3917.0,,,32194.0,,11828.0,,,,,,,,,,,,,36.0,,,,,491.0,12.0,,,,,,,71.0,,,84.0,216.0,,,27.0,2425.0,,,,,,,24.0,,,,165.0,,,,,23737.0,,2622.0,,,,118.0,,,382,,103.0,,,6.0,11.0,1.0,,1.0,98.0,,,5.0,31.0,,,1.0,18.0,304.0,,90.0,,32.0,6396.0,,1103.0,,,,537.0,5.0,,62.0,15.0,11.0,,43.0,23.0,77.0,8.0,,,13.0,,,8.0,,,,13.0,,,,,21.0,22.0,,,,,,,,,,,,,,,,,,,,,,4.0,,,,68.0,,,,,,,,,,,,,,,,,,24.0,4.0,,,,,,,,,,,,,,,,,,,,,,,,,,,65.0,,16.0,,,,,21.0,,1.0,,,,,,,,,,,4.0,,,,,,,2.0,,4.0,,12.0,,,2.0,,,4.0,80.0,,8.0,,32.0,,,11.0,,6.0,,,13.0,,,,,,,,,,29.0,,,3.0,,,,100
_250m_16_days_VI_Quality_2024017_aid0001,aid0001,2024-01-17 00:00:00+00:00,,,,,,,,,,4.0,,,,10929.0,,30.0,,,,190602.0,,96.0,,,4149.0,16.0,,,,,,,,,,,,,,24.0,,,,,84.0,,,,,,,,,,,44.0,44.0,,,109.0,40.0,,,,,,,,,,16.0,170.0,,7.0,,3.0,24719.0,,7074.0,6.0,,,21.0,,,815,,31.0,,,8.0,4.0,8.0,,,80.0,25.0,,1.0,28.0,44.0,,,39.0,377.0,,147.0,,67.0,6282.0,,462.0,39.0,,,156.0,,,,36.0,,,51.0,237.0,,82.0,,,43.0,,,23.0,,,,27.0,9.0,71.0,,11.0,7.0,218.0,,5.0,,,8.0,21.0,,4.0,,,,,,,,,,,,,,26.0,,,,76.0,,,,,,,,,,,,,8.0,,,,,56.0,,,,,,,,,,,,,,,,,,,,,,,,,,,,192.0,,4.0,,,,,165.0,,17.0,,,,,,,,12.0,,,21.0,,,,,,,78.0,,30.0,,2.0,,,2.0,,4.0,74.0,7.0,,4.0,,5.0,,,26.0,,,,,20.0,,,,16.0,41.0,,1.0,,,3.0,38.0,,6.0,,,,68
_250m_16_days_VI_Quality_2024033_aid0001,aid0001,2024-02-02 00:00:00+00:00,,,,,,,,,,,,,,195453.0,,,,,,19678.0,,16.0,,,13.0,,,,,,,,,,44.0,,,,,,,,,,,,,,,,,,3.0,,,10.0,,,,,,,,,,,,,,,4.0,53.0,,9.0,,,23804.0,,271.0,20.0,,,34.0,,,114,,,,,,4.0,9.0,,,11.0,118.0,,11.0,9.0,10.0,,,93.0,297.0,,169.0,,184.0,7391.0,,86.0,20.0,,,152.0,,,,13.0,,,18.0,73.0,,2.0,,,31.0,,,2.0,,,,6.0,107.0,162.0,,,14.0,7.0,,2.0,,,10.0,,,1.0,,,,,,,,,,,,,,,,,,,,,,,,,,,,,,,,,,,,,,,,,,,,,,,,,,,,,,,,,,,,,,,,32.0,,,,,,,13.0,,16.0,,,,,,,,4.0,,12.0,1.0,,,6.0,,,6.0,10.0,,,,2.0,,,8.0,,2.0,11.0,,40.0,,,6.0,,,,,,,,,,,,4.0,,,,,,8.0,,,,,,,80
_250m_16_days_VI_Quality_2024049_aid0001,aid0001,2024-02-18 00:00:00+00:00,,,,,,,,,,,,,,5877.0,,,,,,202329.0,,,,,12.0,,,,,,,,,,,,,,,10.0,,,,,,,,,,,,,,,,,,,,,,,,,,,,,,,,1.0,,4.0,,,25087.0,,5576.0,,,,12.0,,,285,,5.0,,,,,,,,8.0,20.0,,,,14.0,,,,188.0,,300.0,,83.0,7604.0,,208.0,,,,151.0,,,,25.0,1.0,,16.0,71.0,,80.0,,,3.0,,,9.0,,,,2.0,5.0,97.0,,13.0,9.0,1.0,,1.0,,,,1.0,,3.0,,,,,,,,,,,,,,,,,,,,,,,,,,,,,,,,,,,,,,,,,,,,,,,,,,,,,,,,,,,,,,,,20.0,,,,,,,12.0,,,,,,,,,,20.0,,,,,,8.0,,,4.0,87.0,,102.0,,4.0,,,,,,83.0,,15.0,,,7.0,,,15.0,,,,,20.0,,,,,,,,,,12.0,24.0,,1.0,1.0,,6.0,71
_250m_16_days_VI_Quality_2024065_aid0001,aid0001,2024-03-05 00:00:00+00:00,,,,,,,,,,,,,,215453.0,,4.0,,,,400.0,,,,,,,,,,,,,,,,,,,,,,,,,,,,,,,,,,,,,,,,,,,,,,,,,,,,10.0,,12.0,,,23584.0,,18.0,,,,39.0,,,40,,11.0,,,,4.0,4.0,,,,,,,,,,,28.0,87.0,,66.0,,117.0,7813.0,,297.0,,,,403.0,2.0,,36.0,,2.0,,22.0,29.0,,,,,,,,,,,,,1.0,24.0,,,19.0,,,13.0,,,4.0,,,,,,,,,,,,,,,,,,,,,,,,,,,,,,,,,,,,,,,,,,,,,,,,,,,,,,,,,,,,,,,,,,,,,,,,,,,,11.0,,,,,,,,,,,,,,,,,,17.0,,,,,,,,,1.0,52.0,,,,,,,,,,,,,,,,,,,,,,,,,,,,,,84
_250m_16_days_VI_Quality_2024081_aid0001,aid0001,2024-03-21 00:00:00+00:00,,,,,,,,,44.0,1268.0,,162.0,,18902.0,,,,,,138832.0,,924.0,,,43256.0,,1629.0,32.0,,16.0,,,,,20.0,,,,,1066.0,,207.0,,,1033.0,57.0,871.0,456.0,,562.0,332.0,,,,,24.0,136.0,,,2113.0,44.0,,,,,16.0,175.0,1139.0,289.0,,56.0,805.0,,153.0,,5.0,19605.0,,345.0,,,,4.0,,,723,,44.0,,,4.0,75.0,150.0,,,16.0,,,,32.0,,,,60.0,206.0,,90.0,,4.0,6455.0,,150.0,,,,16.0,,,,1.0,8.0,,2.0,599.0,4.0,70.0,,,7.0,,,3.0,6.0,,,,342.0,262.0,,6.0,,,,,,,28.0,4.0,,,,,,,,,,,,,,,,164.0,,,,464.0,,20.0,,,,,,16.0,,,,,749.0,,,,,680.0,24.0,12.0,351.0,,,,,,,,24.0,,,,,,,,,,567.0,326.0,,,,,,206.0,,,,,,,90.0,,2.0,,,,,,,,,,16.0,13.0,,,56.0,,,,316.0,,14.0,,,,,,,,290.0,,,,,12.0,,,5.0,,,,,1.0,,,,,20.0,,,,,177.0,124.0,,,,,4.0,79
_250m_16_days_VI_Quality_2024097_aid0001,aid0001,2024-04-06 00:00:00+00:00,,,,,,,,,,,,,,2192.0,,2692.0,,,,39463.0,,52527.0,,,44111.0,12.0,19329.0,12.0,,,,,,,12.0,,,,,204.0,,248.0,,,658.0,12.0,944.0,91.0,,,,,,,,,,,,557.0,33037.0,,,,,,,48.0,682.0,,,467.0,,231.0,,,14464.0,,9346.0,,,,,,,734,,187.0,,,,20.0,68.0,,,,12917.0,,,,691.0,,,,14.0,,20.0,,,2143.0,,4317.0,,,,,,,,,,,,97.0,,84.0,,,,,,,,,,,,12.0,,,,1782.0,,,,,,120.0,,,,,,,,,,,,,,,,,,,,2115.0,,,,,,,,,,,,,20.0,,,,,1046.0,16.0,,,,,,,,,,24.0,295.0,,,,,,,,,44.0,83.0,,,,,,28.0,,105.0,,,,,20.0,,4.0,,,,,,,,72.0,,,23.0,,,,,,,12.0,,136.0,,,,,,,,40.0,,4.0,,,,,,,,,,,,,,,,96.0,,,,,,,,,,,,99
_250m_16_days_VI_Quality_2024113_aid0001,aid0001,2024-04-22 00:00:00+00:00,,,,,,,,,,16.0,,,,5693.0,,,,,,139144.0,,14648.0,,,45132.0,12.0,2966.0,,,12.0,,,,,,,,,,95.0,,,,,423.0,,8.0,,,,,,,,,,229.0,,,,122.0,,,,,,,,,,,136.0,,,,,22648.0,,7514.0,,,,,,,447,,77.0,,,,24.0,4.0,,,,4.0,,,,,,,95.0,45.0,189.0,,,2.0,6528.0,,2256.0,,,,,,,,,,,,,,6.0,,,,,,,,,,,1.0,,,,,,,,,,,4.0,,,,,,,,,,,,,,,,,,,,40.0,,,,8.0,,,,,,,,,16.0,,,,,183.0,,,,,,,,,,,,,,,,,,,,,,,,,,,,,,4.0,,,,,4.0,,4.0,,,,,,,,,,,,,,,,,,,,,,,,,,,,,,,,,,,,,,,,,,,,,,,,,,,,,,,,,,88
_250m_16_days_VI_Quality_2024129_aid0001,aid0001,2024-05-08 00:00:00+00:00,,,,,,,,,,4.0,,,,109239.0,,20.0,,,,104837.0,,748.0,,,277.0,,12.0,,,,,,,,96.0,,,,,216.0,,4.0,,,,,8.0,,,,,,,,,68.0,,,,,,,,,,4.0,,,,,,147.0,,,,2.0,21369.0,,1300.0,,,,10.0,,,607,,3.0,4.0,,,7.0,12.0,,,,36.0,,,,20.0,,,426.0,39.0,,8.0,,58.0,8842.0,,56.0,,,,72.0,,,,,,,,99.0,,,,,6.0,,,,,,,,12.0,,,,,,,,,,,,,,,,,,,,,,,,,,,,,,,4.0,,,,,,,,,,,,,8.0,,,,,4.0,,,,,,,,,,,,,,,,,,,,,,,,,,,,27.0,,,,,,,14.0,3.0,,,,2.0,,,,,12.0,,,,,,,,,,3.0,,4.0,,,,,,,,8.0,,,,,8.0,,,,,,,,1.0,,,,,,,,,,,,,,,,,61
_250m_16_days_VI_Quality_2024145_aid0001,aid0001,2024-05-24 00:00:00+00:00,,1.0,,,,,2.0,,,76.0,,92.0,,,,38926.0,1250.0,,,18805.0,,53227.0,668.0,,2827.0,4.0,47470.0,31.0,,,,,,,,,,,,1355.0,4.0,,,,3274.0,152.0,3995.0,16.0,,20.0,156.0,,,12311.0,,4.0,6814.0,,,158.0,1386.0,,,,,,350.0,440.0,2395.0,,,395.0,,928.0,,,4208.0,,30744.0,4.0,,,10.0,,,31,,815.0,32.0,,,75.0,1364.0,,2.0,,326.0,,,7.0,444.0,,,,27.0,,152.0,,3.0,1125.0,,6843.0,,,,137.0,,,,,,,,14.0,,,4.0,,1.0,,,,,,,,36.0,18.0,,3.0,,96.0,,,,,12.0,154.0,,,,,,7.0,3.0,,,,,,,,,,,,,12.0,24.0,790.0,,,,,,,,,,,108.0,32.0,,,,1362.0,147.0,583.0,32.0,,,,,,,,8.0,52.0,,1.0,,,,24.0,,,391.0,337.0,,,,,,,,155.0,,,,,4.0,15.0,202.0,,,,,,,,29.0,,,157.0,,,,,,,,,,,,,,,,,,,,,,,,,,,,,,1.0,,,,,,,,,,4.0,,,,,,,128
_250m_16_days_VI_Quality_2024161_aid0001,aid0001,2024-06-09 00:00:00+00:00,3.0,,,,,,,,,35048.0,,42438.0,2.0,,,,,,,,,73.0,,,,299.0,2472.0,1507.0,,,29.0,264.0,131.0,,,,,,,356.0,48.0,48.0,,,264.0,6963.0,3921.0,11531.0,1.0,2409.0,33918.0,3.0,,,,,16.0,,,2365.0,5069.0,18.0,56.0,,,284.0,68.0,4140.0,24313.0,1.0,,7754.0,,12796.0,,3.0,2356.0,,168.0,,,,,,,772,,640.0,292.0,,,640.0,3529.0,,2.0,100.0,,,,28.0,144.0,,,,1888.0,,2477.0,,200.0,488.0,,84.0,,,,,,,,,,,,152.0,80.0,82.0,40.0,,2.0,,,,,,,,956.0,1317.0,,225.0,164.0,,,,,,104.0,165.0,,,,,,,,,,,,,,,,,,,,,108.0,232.0,513.0,,60.0,276.0,85.0,,,,,,28.0,24.0,36.0,,,37.0,3746.0,3935.0,9193.0,2.0,,,,,,,26.0,639.0,12.0,163.0,,,,48.0,76.0,,1331.0,10992.0,1.0,,,,,,,,,,,,132.0,,494.0,27.0,,,,,,,20.0,,,93.0,,,,,,,,,,,,,,,,,23.0,4.0,196.0,156.0,,4.0,,,,,,,,,,,,20.0,,,,,,123.0,164.0,,1.0,,,,101
_250m_16_days_VI_Quality_2024177_aid0001,aid0001,2024-06-25 00:00:00+00:00,,,,,,,,,,62331.0,136.0,96569.0,,,,,,,,148.0,28.0,152.0,308.0,,,36.0,24.0,38.0,,,8.0,72.0,1319.0,,,,,,,296.0,256.0,188.0,589.0,,105.0,1238.0,212.0,4366.0,,3599.0,4609.0,,,,,1579.0,457.0,,,124.0,,12.0,602.0,,,2106.0,1068.0,2275.0,1557.0,,,8184.0,168.0,19159.0,,,60.0,,,,,,,,,256,16.0,968.0,133.0,,,712.0,260.0,,,,,,,12.0,69.0,,,,3810.0,,4660.0,,7.0,,,,,,,,,,,,,,,23.0,,60.0,,,1.0,,,,,,,,198.0,,,,,,,,,,12.0,,,,,,,,,,,,256.0,,,,,20.0,,120.0,,40.0,12.0,44.0,140.0,18.0,20.0,,1011.0,,,296.0,,,124.0,192.0,447.0,2566.0,,215.0,2018.0,140.0,6451.0,,,236.0,,,348.0,365.0,40.0,72.0,20.0,652.0,,,12.0,1884.0,964.0,,2261.0,1151.0,,,112.0,,,,,,,,,,64.0,20.0,929.0,214.0,,,,,,,,,48.0,25.0,,,,,,,,,,,,,,,,,,,12.0,,,,,,,,,,,,,,,,,,,,,,,,,,,,93
_250m_16_days_VI_Quality_2024193_aid0001,aid0001,2024-07-11 00:00:00+00:00,,2.0,,,,,,,,30663.0,108.0,47036.0,4.0,6592.0,168.0,9040.0,4080.0,,,714.0,40.0,2337.0,6130.0,,51.0,,,1149.0,,145.0,16.0,66.0,352.0,,7996.0,472.0,1916.0,3023.0,,10290.0,1817.0,1963.0,11528.0,,660.0,1345.0,104.0,2071.0,,9473.0,1876.0,1.0,2323.0,164.0,,191.0,1669.0,,,61.0,323.0,33.0,206.0,2056.0,224.0,5719.0,1982.0,1647.0,615.0,,17.0,5458.0,472.0,8322.0,,2.0,2379.0,,7080.0,19.0,,,80.0,,,2860,,2249.0,173.0,,37.0,579.0,127.0,,18.0,24.0,60.0,,4.0,6.0,42.0,,2.0,21.0,1327.0,53.0,1879.0,,622.0,502.0,,915.0,,,,105.0,,,,,,,,1126.0,20.0,182.0,8.0,,221.0,,,7.0,,,,,450.0,125.0,,140.0,,219.0,,97.0,,,139.0,37.0,,32.0,,,,,,20.0,,,51.0,52.0,,102.0,528.0,146.0,111.0,40.0,1434.0,113.0,8.0,,267.0,110.0,28.0,12.0,80.0,769.0,64.0,281.0,1052.0,,3415.0,509.0,282.0,3421.0,,1108.0,2278.0,22.0,2651.0,,16.0,22.0,100.0,,92.0,332.0,45.0,1.0,76.0,8.0,,740.0,116.0,3025.0,733.0,1.0,3410.0,165.0,,,10.0,,,28.0,,372.0,,,,,382.0,6.0,406.0,44.0,,4.0,,,,4.0,,,4.0,6.0,,,17.0,,13.0,14.0,81.0,,77.0,,6.0,,,,,,268.0,28.0,53.0,,,195.0,,,,,,,,8.0,,,,20.0,20.0,,,,,50.0,83.0,,3.0,,,,103
_250m_16_days_VI_Quality_2024209_aid0001,aid0001,2024-07-27 00:00:00+00:00,,6.0,,,,,,,20.0,64649.0,,72744.0,,1936.0,16.0,578.0,6989.0,,,88.0,24.0,228.0,2017.0,,,,,,,,54.0,516.0,2020.0,,1064.0,120.0,499.0,9033.0,,1633.0,704.0,606.0,10179.0,,110.0,639.0,44.0,2889.0,,5269.0,791.0,,520.0,,,192.0,,,,,,,83.0,336.0,108.0,1186.0,113.0,170.0,80.0,,,8229.0,963.0,12423.0,,,40.0,,2666.0,,,,,,,228,16.0,6220.0,180.0,,,462.0,56.0,,3.0,,,,,48.0,,,,,2433.0,106.0,2399.0,,3.0,,,988.0,44.0,,,,,,,,,,,,,532.0,80.0,,12.0,,,,,,,,531.0,313.0,,20.0,,136.0,,8.0,,,2.0,599.0,,11.0,,,,,,,4.0,,60.0,76.0,,,164.0,80.0,104.0,60.0,182.0,,,,,74.0,143.0,6.0,355.0,375.0,92.0,,2049.0,,1754.0,907.0,80.0,1938.0,1.0,419.0,1259.0,47.0,1435.0,1.0,,,96.0,,340.0,,,,88.0,82.0,,708.0,,2715.0,,,721.0,598.0,1.0,,48.0,16.0,,71.0,,44.0,,,1.0,,646.0,51.0,1760.0,126.0,,2.0,,3.0,,,,,28.0,,,,,,,,20.0,,148.0,,,,,,,,120.0,52.0,204.0,32.0,,,,,,,,,,,,,,20.0,,,,,,171.0,137.0,,4.0,,,,105
_250m_16_days_VI_Quality_2024225_aid0001,aid0001,2024-08-12 00:00:00+00:00,,,,,,,,,,117375.0,,13526.0,,3065.0,,,,,,3006.0,,,,,68.0,32.0,,,,,25.0,,,,4784.0,,,,,15291.0,197.0,,,1.0,1428.0,1943.0,,39.0,,25161.0,80.0,,40.0,,,79.0,,,,24.0,,13.0,,96.0,,2020.0,,2255.0,,,,13350.0,,2206.0,,25.0,1607.0,,,,,,36.0,,,2604,,,,,6.0,1743.0,136.0,,13.0,8.0,,,,7.0,,,1.0,66.0,4184.0,,745.0,,349.0,754.0,,,,,,89.0,,,,,,,,602.0,16.0,,,,59.0,,,3.0,,,,1.0,368.0,46.0,,6.0,39.0,,,13.0,,,83.0,,,4.0,,,,,,,,,,211.0,,,,733.0,,,,20.0,10.0,,,48.0,96.0,,,1260.0,,,,,10064.0,638.0,,,,1319.0,3103.0,,175.0,,,,16.0,,84.0,,44.0,,73.0,,,148.0,,4482.0,,,2601.0,56.0,,,,,,104.0,,,,,,,1613.0,2.0,,16.0,,11.0,,,,4.0,,,51.0,,,5.0,23.0,,,113.0,389.0,,,,31.0,,,,,,1092.0,27.0,,,,109.0,,,,,,2.0,,2.0,14.0,,2.0,28.0,,,4.0,,,204.0,,,13.0,,,,70
_250m_16_days_VI_Quality_2024241_aid0001,aid0001,2024-08-28 00:00:00+00:00,3.0,2.0,,,,,,,,30365.0,,21364.0,4.0,36375.0,,2444.0,,,,10405.0,176.0,4750.0,,,92.0,88.0,131.0,76.0,,68.0,12.0,,140.0,,6761.0,8.0,145.0,554.0,,16810.0,1155.0,7824.0,1201.0,4.0,814.0,1061.0,2501.0,751.0,2.0,11118.0,5284.0,3.0,1316.0,496.0,,3934.0,1203.0,,2.0,124.0,16.0,8.0,,543.0,40.0,6006.0,609.0,1579.0,503.0,,50.0,6383.0,,5386.0,,106.0,2640.0,4.0,2376.0,,,,60.0,,,2790,61.0,934.0,93.0,,78.0,1088.0,479.0,,42.0,294.0,196.0,,23.0,151.0,70.0,,20.0,99.0,1494.0,,1143.0,,1656.0,358.0,,172.0,,,,62.0,,,,,,,,234.0,80.0,44.0,20.0,,178.0,,,1.0,,,,3.0,526.0,107.0,,108.0,45.0,14.0,,7.0,,,116.0,52.0,,37.0,,,,,,,,,,1855.0,,44.0,,2565.0,44.0,234.0,,28.0,128.0,,,,16.0,,,1397.0,4.0,28.0,12.0,,8170.0,652.0,3444.0,4.0,2.0,1129.0,862.0,1261.0,453.0,,12.0,,212.0,22.0,1266.0,88.0,28.0,47.0,32.0,,1.0,405.0,32.0,5701.0,688.0,1.0,1478.0,577.0,,,,,,614.0,,381.0,,,32.0,,1005.0,30.0,1908.0,52.0,,84.0,7.0,,1.0,81.0,,3.0,158.0,294.0,,35.0,65.0,48.0,55.0,371.0,148.0,4.0,70.0,,20.0,,,,,,253.0,149.0,363.0,,,363.0,,,,,4.0,8.0,,,4.0,17.0,7.0,41.0,,,5.0,,,190.0,35.0,,99.0,,,,119
_250m_16_days_VI_Quality_2024257_aid0001,aid0001,2024-09-13 00:00:00+00:00,,,,,,,,,16.0,12131.0,,999.0,1.0,42325.0,,82.0,,,7.0,58472.0,24.0,10460.0,91.0,3.0,9538.0,,4793.0,36.0,1.0,60.0,,,16.0,,13117.0,28.0,38.0,,4.0,21011.0,64.0,853.0,188.0,1.0,6741.0,86.0,863.0,46.0,1.0,9591.0,1030.0,2.0,16.0,56.0,,159.0,701.0,,,32.0,1006.0,,,152.0,32.0,1085.0,228.0,899.0,615.0,,40.0,3593.0,,853.0,,86.0,9494.0,,1098.0,,,,102.0,,,3883,4.0,317.0,,,69.0,775.0,60.0,,65.0,,,,,143.0,12.0,,4.0,79.0,845.0,,225.0,,1003.0,1398.0,,,,,,171.0,,,,,,,,635.0,12.0,20.0,,,371.0,,,3.0,,,,1.0,579.0,12.0,,136.0,12.0,,,,,,147.0,,,13.0,,,,,,,,,4.0,2172.0,,,,2179.0,4.0,,,805.0,,,32.0,,,,4.0,2792.0,4.0,,32.0,2.0,5368.0,24.0,,168.0,1.0,1889.0,91.0,4.0,117.0,,,28.0,40.0,,68.0,192.0,56.0,80.0,8.0,4.0,,116.0,,513.0,84.0,,832.0,35.0,,,,,,1597.0,,44.0,,,60.0,,1695.0,4.0,36.0,,,54.0,,,,11.0,,1.0,109.0,,,23.0,47.0,,,277.0,794.0,,,,88.0,,,,,,726.0,,,,,1244.0,,,,,,,,,19.0,,1.0,36.0,,,,,,120.0,4.0,,24.0,,,,97
_250m_16_days_VI_Quality_2024273_aid0001,aid0001,2024-09-29 00:00:00+00:00,,,1.0,,,,,,,15623.0,,3454.0,1.0,39695.0,,,,,,62660.0,,628.0,,,29961.0,12.0,3137.0,,,4.0,4.0,,,,5796.0,,,,,18795.0,,100.0,,1.0,5704.0,753.0,261.0,530.0,,10148.0,666.0,,89.0,,,172.0,24.0,,,454.0,384.0,,,,,492.0,72.0,2930.0,1221.0,,,7414.0,,1555.0,,5.0,8119.0,,,,,,31.0,,,2089,,165.0,,,6.0,1218.0,111.0,,4.0,4.0,,,,67.0,,,4.0,16.0,2496.0,,1095.0,,41.0,1758.0,,24.0,,,,49.0,,,,6.0,,,2.0,235.0,,48.0,,,10.0,,,12.0,18.0,,,12.0,1453.0,423.0,,39.0,27.0,,,1.0,8.0,2.0,70.0,41.0,,1.0,22.0,,,,,,1.0,,,1225.0,,,,1365.0,,,,487.0,21.0,,,,46.0,4.0,4.0,714.0,,,,,3352.0,24.0,,,,1263.0,685.0,23.0,168.0,,,,36.0,,63.0,,198.0,,4.0,4.0,,116.0,,840.0,,,1550.0,205.0,,,,,,846.0,,,,,17.0,,1268.0,,275.0,15.0,,13.0,,,,,,,51.0,4.0,,1.0,22.0,,,6.0,459.0,,,,25.0,,,1.0,,,526.0,24.0,16.0,4.0,,10.0,,,39.0,,,,,5.0,,,,16.0,,,,,,107.0,67.0,,8.0,9.0,,2.0,96
_250m_16_days_VI_Quality_2024289_aid0001,aid0001,2024-10-15 00:00:00+00:00,,,,,,,,,,13.0,,,,41040.0,,35678.0,,,,91183.0,,37043.0,,,3530.0,,86.0,,,,,,,,242.0,,,,,737.0,,47.0,,,127.0,,,,,8.0,,,,,,112.0,20.0,,,216.0,12.0,,,4.0,,24.0,,8.0,,,,159.0,,113.0,,,21011.0,,5703.0,,,,50.0,,,431,,240.0,,,3.0,47.0,49.0,,,32.0,96.0,,,27.0,68.0,,,24.0,275.0,,364.0,,2.0,6065.0,,1415.0,,,,80.0,,,,,,,,82.0,,140.0,,,,,,,,,,,57.0,139.0,,,48.0,32.0,,3.0,,,12.0,23.0,,,,,,,,,,,,48.0,,,,199.0,,,,44.0,,,,,,,,34.0,,12.0,,,76.0,,,,,36.0,4.0,,,,,,,,,,4.0,,,,,8.0,,,,,4.0,,,,,,,199.0,,200.0,,,,,95.0,21.0,219.0,,,,,,,123.0,,,32.0,49.0,,,,,,,166.0,,29.0,,2.0,,,,,1.0,12.0,,90.0,6.0,,2.0,,,,,,,,1.0,,,,47.0,,,,,,20.0,32.0,,,,,,92
_250m_16_days_VI_Quality_2024305_aid0001,aid0001,2024-10-31 00:00:00+00:00,,,,,,,,,,,,,,213230.0,,411.0,,,3.0,3281.0,,10.0,,,,,,,,,,,,,4.0,,,,,10.0,,,,,,,,,,,,,,,,,,,,,,,,,,,,,,,,26.0,,5.0,,9.0,22375.0,,82.0,,,,77.0,,,11,,,,,,,16.0,,,,1.0,,,4.0,,,,37.0,4.0,,691.0,,93.0,7157.0,,310.0,,,,407.0,28.0,,10.0,10.0,,,4.0,18.0,,172.0,,,29.0,,,3.0,,,,2.0,8.0,48.0,,1.0,,,,,,,,12.0,,,,,,,,,,,,7.0,,,,4.0,,,,,,,,,,,,,,,,,,,,,,,,,,,,,,,,,,,,,,,,,,,,,,,,,,,,,,,,,16.0,,,,,2.0,,,,,,,,,,,,,,,,,,,,,,,,,2.0,,79.0,,,13.0,,,,,,,,,,,,,,,,,,3.0,,,1.0,,,,77
_250m_16_days_VI_Quality_2024321_aid0001,aid0001,2024-11-16 00:00:00+00:00,,,,,,,,,,,,,,153034.0,,3714.0,,,,56710.0,,10.0,,,,,,,,,,,,,,,,,,2.0,,,,,,,,,,,,,28.0,,,4.0,,,,,,,,,,,,,,,,,,,,,24986.0,,1091.0,,,,87.0,,,42,,,,,,,,,,33.0,,,3.0,1.0,,,3.0,113.0,63.0,,34.0,,85.0,7201.0,,418.0,,,,504.0,5.0,2.0,85.0,4.0,9.0,,28.0,24.0,,13.0,,,4.0,,,,,,,,,19.0,,,46.0,,,6.0,,,,,,,,,,,,,,,,,,,,,,,,,,,,,,,,,,,,,,,,,,,,,,,,,,,,,,,,,,,,,,,,,,,,,,,,,,,,,,,,12.0,,,,,,,,,,,,,5.0,,,1.0,,,8.0,,,,,,8.0,1.0,34.0,,36.0,,,4.0,,,,,,,,,,,,,,,,,,,8.0,,,,,,91
_250m_16_days_VI_Quality_2024337_aid0001,aid0001,2024-12-02 00:00:00+00:00,,,,,,,,,,,,,,127087.0,,20392.0,,3516.0,,58437.0,,4228.0,,,8.0,,,,,,,,,,,,,,,,,,,,,,,,,,,,,152.0,944.0,144.0,40.0,4.0,,16.0,,,,,,,,,,,,5.0,,5.0,,,21100.0,12.0,2498.0,,500.0,,74.0,34.0,6.0,9,4.0,9.0,,,3.0,,4.0,,,160.0,123.0,41.0,2.0,3.0,8.0,,,92.0,315.0,,177.0,2.0,124.0,5831.0,,988.0,,,,445.0,4.0,421.0,38.0,18.0,2.0,,26.0,3.0,4.0,55.0,8.0,,20.0,,,3.0,,,,17.0,3.0,92.0,,4.0,37.0,,24.0,3.0,,,,,,,,,,,,,,,,,,,,,,,,,,,,,,,,,,,,,4.0,,,,,,,,,,,,,,,,,,,,,,,,,,,,,,,,,4.0,,10.0,,,,47.0,4.0,,1.0,,4.0,,,,,,20.0,,,,,,,,,,,,10.0,,,140.0,6.0,,,,17.0,4.0,6.0,,,9.0,,,3.0,,,,,6.0,,,,,,,,,,,16.0,,,,,1.0,95
_250m_16_days_VI_Quality_2024353_aid0001,aid0001,2024-12-18 00:00:00+00:00,,,,,,,,,,,,,,193472.0,,,,,1.0,23211.0,,,,,,,,,,,,,,,20.0,,,,,,,,,,,,,,,,,,,,,,,,,,,,,,,,,,,,,22.0,,8.0,,,21999.0,,556.0,,36.0,16.0,115.0,,,165,,7.0,,7.0,17.0,5.0,14.0,,,3.0,,8.0,5.0,5.0,,12.0,,173.0,288.0,,24.0,62.0,196.0,5864.0,,301.0,,136.0,12.0,393.0,,,41.0,16.0,37.0,19.0,85.0,148.0,,8.0,20.0,15.0,12.0,,,5.0,,,1.0,2.0,33.0,31.0,41.0,10.0,,,39.0,,,,,,9.0,7.0,,,,,,,,,,,,,,,,,,,,,,,,,,20.0,,,,,,,,,,,,,,,,,,,,,,,,,,,,,,,,,,,,,,78.0,,12.0,,,1.0,,27.0,,2.0,,,,,,,,,,,,4.0,,34.0,16.0,,27.0,91.0,,52.0,9.0,13.0,,,2.0,,15.0,55.0,60.0,,,20.0,31.0,,,12.0,,,,4.0,15.0,,,,,,87.0,9.0,,,,,4.0,,,,,75
_250m_16_days_VI_Quality_2025001_aid0001,aid0001,2025-01-01 00:00:00+00:00,,,,,,,,,,,,,,211583.0,,,,,,2815.0,,,,,,,,,,,,,,,1.0,,,,,,,,,,,,,,,,,,,,,,,,,,,,,,,,,,,,,11.0,,,,2.0,24634.0,,128.0,,18.0,,146.0,,,259,,16.0,,5.0,34.0,8.0,4.0,,,4.0,,,,,,,,175.0,200.0,,403.0,57.0,195.0,6262.0,,52.0,,52.0,,383.0,,,,11.0,,,99.0,174.0,,4.0,40.0,,39.0,,,12.0,,,,25.0,36.0,5.0,8.0,,8.0,,,,,,6.0,,,2.0,,,,,,,,,,16.0,,,,,,,,,,,,,,,,,,,,,,,,,,,,,,,,,,,,,,,,,,,,,,,,,,,,,,94.0,,28.0,,,,,18.0,,4.0,,,5.0,,,,4.0,,,13.0,,,2.0,,,,,93.0,,,8.0,13.0,,,5.0,,,26.0,,9.0,24.0,4.0,69.0,,,15.0,,,,,7.0,,,,,,,,,,,48.0,,,,7.0,9.0,82
_250m_16_days_VI_Quality_2025017_aid0001,aid0001,2025-01-17 00:00:00+00:00,,,,,,,,,,,,,,168432.0,,,,,3.0,48459.0,,,,,35.0,,,,,,,,,,,,,,,24.0,,,,,,,,,,,,,7.0,,,56.0,,4.0,,1.0,,,,,,,,,,,,14.0,,21.0,13.0,,20899.0,,601.0,,16.0,,105.0,,,321,4.0,76.0,,,13.0,31.0,31.0,39.0,,16.0,,4.0,,14.0,9.0,4.0,,175.0,177.0,,102.0,379.0,290.0,6313.0,,10.0,2.0,20.0,,388.0,,,,8.0,,,40.0,94.0,4.0,4.0,,20.0,4.0,,,2.0,,9.0,,10.0,169.0,187.0,160.0,5.0,20.0,,80.0,,,,3.0,8.0,,,,7.0,,,,,,,,,,,,20.0,,,,,,,,,,,,,,,,,,,,,,,,,,,,,,,,,,,,,,,,,,,,,,,,,,180.0,,,,8.0,8.0,,89.0,3.0,,11.0,8.0,1.0,,,,4.0,8.0,,36.0,,,,,16.0,,,28.0,,,24.0,,,,,,,29.0,,,3.0,33.0,8.0,,,3.0,,,3.0,3.0,25.0,6.0,,,4.0,,,,,1.0,19.0,10.0,,3.0,,,4.0,119
_250m_16_days_VI_Quality_2025033_aid0001,aid0001,2025-02-02 00:00:00+00:00,,,,,,,,,,,,,,137083.0,,6939.0,,,,62003.0,,6160.0,,,4.0,,,,,,,,,,,,,,,,,,,,,,,,,,,,72.0,12.0,,16.0,99.0,,,,,,,,,,,,,,,83.0,,30.0,,8.0,23563.0,,3049.0,,,,25.0,,,421,,137.0,,,14.0,4.0,,,,,3.0,,,4.0,53.0,,,146.0,175.0,,147.0,,257.0,6558.0,,378.0,,,,242.0,,,,42.0,,,98.0,52.0,,54.0,,,,,,8.0,,,,6.0,256.0,75.0,,5.0,7.0,59.0,,14.0,,,56.0,9.0,,,,,,,,,,,,,,,,,,,,,,,,,,,,,,,,,,,,,,3.0,,,,,,,,,,,,,,,,,,,,,,,,,,,,15.0,,3.0,,,,,53.0,,,,,,,,,,,,,,,,,,,,,,8.0,,4.0,,,2.0,,4.0,5.0,,15.0,,,12.0,,,1.0,,,,,15.0,,,,,,,,,,,4.0,,,,,,81
_250m_16_days_VI_Quality_2025049_aid0001,aid0001,2025-02-18 00:00:00+00:00,,,,,,,,,,,,,,50468.0,,,,,,157455.0,,32.0,,,3248.0,,,,,,,,,,,,,,,,,,,,,,,,,,,,16.0,,,,,,,,,,,,,,,,,,20.0,33.0,,8.0,,,24921.0,,2366.0,,,,22.0,,,606,,188.0,,,18.0,3.0,,,2.0,15.0,15.0,,1.0,,,,,,529.0,,208.0,,34.0,6864.0,,132.0,,,,61.0,,,,15.0,,,6.0,319.0,,28.0,,,14.0,,,5.0,,,,7.0,30.0,69.0,,,14.0,212.0,,6.0,,,,8.0,,,,,,,,,,,,,,,,,,,,,,,,,,,,,,,,,,,,,,,,,,,,,,,,,,,,,,,,,,,,,,,,,,151.0,,16.0,,,,,86.0,,,,,2.0,,,,,7.0,,,,,,6.0,,,6.0,80.0,,36.0,,11.0,,,6.0,,5.0,252.0,,29.0,,,25.0,,,5.0,,9.0,,,10.0,,,,,20.0,,,,,,20.0,,,,,,35
_250m_16_days_VI_Quality_2025065_aid0001,aid0001,2025-03-06 00:00:00+00:00,,,1.0,,1.0,,,,33.0,,,,,13144.0,,4.0,,,,195963.0,,52.0,,,196.0,,84.0,,,,,,,,,,,,,8.0,,,,,56.0,,,,,,,,,,,64.0,,,,4.0,210.0,,,,,,,,4.0,,84.0,47.0,,23.0,,,24635.0,,3699.0,,,,33.0,,,577,,28.0,,,12.0,28.0,34.0,,,16.0,40.0,,,,20.0,,,96.0,102.0,,191.0,,10.0,6931.0,,574.0,,,,100.0,,,,54.0,50.0,,76.0,120.0,,115.0,4.0,,7.0,,,6.0,,,,11.0,16.0,71.0,,4.0,,39.0,,,,,,23.0,,,,,,,,,,,,,,,,,,,,4.0,,,,,,,,,,,,,,,,,,4.0,,,,,,,,,,,,16.0,,,,,,,,,,,,,,,,76.0,,15.0,,,,,80.0,,,,,,,,,,,,13.0,8.0,,,75.0,,,,52.0,,255.0,,,,,,12.0,16.0,190.0,,22.0,,,9.0,,,3.0,,4.0,,,2.0,,,,,,,,,,,2.0,,,,,,89
_250m_16_days_VI_Quality_2025081_aid0001,aid0001,2025-03-22 00:00:00+00:00,1.0,,,,,,,,,9.0,,,,4105.0,,,,,,124942.0,,9755.0,,,65987.0,,292.0,,,,,,,,,,,,,12.0,,,,,152.0,,21.0,,,,5.0,,8.0,,,200.0,,,,189.0,48.0,,,,,,,8.0,48.0,,,169.0,,84.0,,,21515.0,,10828.0,,,,8.0,,,237,,287.0,,,1.0,22.0,13.0,,,,24.0,,,,9.0,,,22.0,452.0,,175.0,,27.0,5802.0,,1238.0,,,,49.0,,,,9.0,94.0,,52.0,344.0,,202.0,,,11.0,,,,,,,,114.0,10.0,,,,75.0,,,,9.0,48.0,14.0,,,,,,,,,,,,,,,,,,,,13.0,,,,,,,,,,,,,,,,,,76.0,,,,,,,,,,,,8.0,,,,,,,,,8.0,12.0,,,,,,40.0,,156.0,,,,,28.0,,,,,,,,,,,,,16.0,,,45.0,,,,42.0,,32.0,,2.0,,,8.0,,,284.0,8.0,53.0,,,3.0,,,,,,,,5.0,34.0,,,,,,,,,24.0,49.0,,1.0,,,,74
_250m_16_days_VI_Quality_2025097_aid0001,aid0001,2025-04-07 00:00:00+00:00,,,,,,,,,,1622.0,,232.0,,79510.0,,31091.0,,,,71986.0,20.0,664.0,,,12440.0,122.0,326.0,20.0,,,,,,,3381.0,,,,,1506.0,,,48.0,,1722.0,28.0,,70.0,,742.0,47.0,,,,,148.0,,,,423.0,4.0,,,,,28.0,16.0,694.0,4.0,,,269.0,,,,,22152.0,,3377.0,,,,6.0,,,388,,31.0,,,,19.0,,,,,4.0,,,,,,,350.0,341.0,,118.0,,234.0,7237.0,,194.0,,,,139.0,,,,,,,,113.0,,51.0,4.0,,8.0,,,,,,,3.0,30.0,,,,8.0,,,,,,,,,,,,,,,,,,,680.0,,,,522.0,,12.0,,649.0,,83.0,,,,,,2057.0,,,,,1017.0,,8.0,17.0,,498.0,28.0,92.0,52.0,,,,,,,,24.0,44.0,,,,,,52.0,,,196.0,8.0,,,,,,99.0,,,,,,,98.0,,,,,2.0,,,,,,,,,,,56.0,,16.0,22.0,104.0,,,,10.0,,,,,3.0,117.0,,4.0,4.0,,8.0,,,18.0,,,,,6.0,,80.0,,,,,,,,,92.0,,,,,,79
_250m_16_days_VI_Quality_2025113_aid0001,aid0001,2025-04-23 00:00:00+00:00,,,,,,,,,,667.0,,105.0,,183218.0,,,,,,15214.0,,7856.0,,,397.0,,2549.0,,,,,,,,973.0,,,,,1230.0,24.0,8.0,28.0,,210.0,28.0,199.0,29.0,,379.0,150.0,,105.0,,,115.0,288.0,,,9.0,200.0,,,89.0,,220.0,52.0,308.0,338.0,,16.0,127.0,,36.0,,,21507.0,,996.0,,,,14.0,,,471,,20.0,,,1.0,33.0,25.0,,,12.0,29.0,,3.0,4.0,76.0,,,83.0,206.0,16.0,91.0,,52.0,7272.0,,495.0,,,,121.0,,,,6.0,,,10.0,477.0,,111.0,,,13.0,,,,,,,,25.0,4.0,,,,21.0,,2.0,,,16.0,,,,,,,,,,,,,31.0,,,,4.0,,,,8.0,,20.0,,,,,,135.0,,,,,385.0,,,,,68.0,,72.0,21.0,,,,,,,,,,,,,,,12.0,,,18.0,84.0,,,,,,14.0,,192.0,,,,,68.0,,,,,,,,,,13.0,,,20.0,,,,,,,32.0,,20.0,,,,,,,5.0,78.0,,35.0,,,9.0,,,,,3.0,,,4.0,,,,,,,,,,1.0,,,,,,,64
_250m_16_days_VI_Quality_2025129_aid0001,aid0001,2025-05-09 00:00:00+00:00,,,,,,,,,,670.0,,167.0,,37446.0,,,,,,42736.0,44.0,,,,96807.0,416.0,927.0,36.0,2.0,12.0,,,,,959.0,24.0,,,,2491.0,147.0,,,,3505.0,204.0,16.0,80.0,,365.0,64.0,,256.0,,,763.0,,,,12851.0,5007.0,,,72.0,,423.0,,495.0,312.0,,56.0,830.0,,155.0,,,16967.0,8.0,832.0,44.0,,,,,,2730,32.0,216.0,,,,214.0,296.0,,,216.0,3518.0,,,86.0,1019.0,,,,394.0,,82.0,,,6742.0,,60.0,,,,4.0,,,,7.0,,,,1200.0,,64.0,,,,,,,,,,,20.0,76.0,,,88.0,156.0,,,,,20.0,51.0,,,,,,,,,,,,112.0,,,,300.0,12.0,,,,,124.0,,,,,,160.0,,,,,843.0,129.0,,,,106.0,352.0,44.0,349.0,,,,8.0,,40.0,,60.0,75.0,8.0,,,8.0,,212.0,,,250.0,104.0,,,,,,40.0,,151.0,,,,,154.0,8.0,104.0,,,,,,,,451.0,,44.0,359.0,,,,,,,116.0,,31.0,,,,,,,,360.0,,18.0,,,,,,,,,,,,,,,,54.0,,,,,,73.0,,,,,,88
_250m_16_days_VI_Quality_2025145_aid0001,aid0001,2025-05-25 00:00:00+00:00,10.0,4.0,,,,,3.0,,,16651.0,,24633.0,,13513.0,805.0,492.0,5459.0,,,3159.0,828.0,168.0,970.0,,2456.0,16.0,5768.0,516.0,,28.0,4.0,188.0,521.0,,2311.0,298.0,364.0,4947.0,,7710.0,1920.0,260.0,3495.0,1.0,14274.0,1184.0,1826.0,3493.0,,9989.0,2284.0,,5754.0,76.0,,1297.0,32.0,,,136.0,9171.0,,216.0,470.0,154.0,1741.0,152.0,2830.0,9190.0,2.0,,8073.0,227.0,6571.0,,4.0,428.0,,2741.0,,,,,,,2100,102.0,1975.0,2.0,,2.0,1620.0,1556.0,,2.0,4.0,247.0,,,202.0,221.0,,1.0,,1823.0,105.0,4396.0,,6.0,,,153.0,,,,,,,,,,,,139.0,241.0,263.0,,,4.0,,,,,,,,271.0,285.0,,5.0,,178.0,,,,,36.0,120.0,,,,,,,,,,,,2737.0,121.0,,92.0,832.0,556.0,,606.0,1217.0,4.0,288.0,276.0,36.0,8.0,268.0,46.0,991.0,119.0,116.0,1101.0,,4907.0,1930.0,,1665.0,,13084.0,1583.0,682.0,2402.0,,,16.0,1318.0,,626.0,336.0,59.0,1041.0,4.0,60.0,,605.0,143.0,2445.0,295.0,,3508.0,2570.0,,,20.0,,,196.0,24.0,98.0,,,,,1408.0,79.0,799.0,16.0,,,,,,43.0,68.0,,187.0,392.0,,,,17.0,,,,12.0,,,,,,,,,107.0,234.0,102.0,28.0,,1.0,,,,,,,,,,,,,123.0,,,,,99.0,83.0,,1.0,,,,125
_250m_16_days_VI_Quality_2025161_aid0001,aid0001,2025-06-10 00:00:00+00:00,1.0,1.0,,,,,,,8.0,28592.0,,16741.0,1.0,26038.0,16.0,3119.0,374.0,,,12262.0,728.0,5784.0,1941.0,,16.0,232.0,238.0,244.0,,20.0,36.0,,4.0,,9588.0,164.0,842.0,161.0,2.0,21530.0,1063.0,4421.0,2802.0,2.0,1021.0,1218.0,535.0,1681.0,,12793.0,2996.0,,3710.0,1960.0,,7209.0,3899.0,,,178.0,190.0,16.0,8.0,180.0,711.0,3301.0,4722.0,1985.0,1091.0,,43.0,7245.0,,4825.0,,17.0,5604.0,16.0,388.0,,,,58.0,,,3592,41.0,786.0,9.0,,47.0,1176.0,275.0,,17.0,202.0,24.0,,6.0,88.0,28.0,,12.0,329.0,3970.0,,584.0,,406.0,890.0,,128.0,,,,95.0,,,,,,,,599.0,130.0,132.0,32.0,,93.0,,,,,4.0,,,181.0,195.0,,37.0,99.0,24.0,,3.0,,,131.0,115.0,,33.0,,,,,,12.0,4.0,,,1271.0,,,,1991.0,184.0,,28.0,36.0,200.0,,44.0,56.0,18.0,16.0,47.0,2122.0,81.0,4.0,,,9281.0,515.0,,420.0,,614.0,1197.0,10.0,1081.0,,,,56.0,,1283.0,28.0,253.0,29.0,40.0,8.0,,156.0,12.0,2807.0,68.0,,1979.0,559.0,,,,,,508.0,,,,,7.0,,1074.0,4.0,124.0,32.0,,15.0,,,,36.0,,,98.0,27.0,,4.0,18.0,,,58.0,43.0,16.0,,,9.0,,,,,,491.0,71.0,144.0,9.0,,95.0,,,,,,,,24.0,24.0,,,,,,,,,140.0,48.0,,32.0,,,,74
_250m_16_days_VI_Quality_2025177_aid0001,aid0001,2025-06-26 00:00:00+00:00,,,,,,,,,,70519.0,,36321.0,,1525.0,68.0,,,,,1418.0,176.0,10551.0,,,163.0,160.0,1454.0,173.0,,36.0,110.0,36.0,90.0,,1399.0,72.0,,,,4035.0,1695.0,2362.0,37.0,,1332.0,3384.0,876.0,2845.0,,9880.0,4924.0,,,,,468.0,196.0,,,536.0,1353.0,44.0,71.0,12.0,,1306.0,537.0,3874.0,3561.0,,,15184.0,,9211.0,,2.0,132.0,,,,,,,,,507,,192.0,7.0,,,941.0,368.0,,4.0,,,,,34.0,,,,,3858.0,,4041.0,,15.0,,,,,,,,,,,,,,,32.0,28.0,,,,,,,,,,,,230.0,321.0,,1.0,,,,,,,4.0,,,,,,,,,,,1384.0,,408.0,,,,526.0,,2328.0,,57.0,50.0,3238.0,28.0,4.0,58.0,965.0,319.0,698.0,,,,,4866.0,490.0,1173.0,308.0,,2536.0,4030.0,3128.0,4010.0,,,184.0,,,59.0,,235.0,1356.0,49.0,614.0,,16.0,,718.0,116.0,,4781.0,5383.0,,,16.0,,,,,88.0,,,,,280.0,,1084.0,85.0,,,,,,,,,14.0,44.0,,,,,,,,,,,,,,,,,145.0,28.0,,,,3.0,,,3.0,13.0,,,,2.0,,,,,,,,,,72.0,,,,,,,124
_250m_16_days_VI_Quality_2025193_aid0001,aid0001,2025-07-12 00:00:00+00:00,5.0,,,,,,,,80.0,45975.0,220.0,70345.0,3.0,3566.0,,28.0,,,,661.0,217.0,4982.0,511.0,,96.0,96.0,1372.0,352.0,,80.0,333.0,212.0,445.0,,650.0,28.0,,,,2354.0,2171.0,1079.0,810.0,2.0,343.0,5168.0,1773.0,7762.0,1.0,5037.0,5555.0,,124.0,,,472.0,1410.0,,,1248.0,1567.0,31.0,140.0,296.0,,1365.0,1238.0,3937.0,4056.0,,,5239.0,,27227.0,,,,,40.0,24.0,,,,,,87,51.0,235.0,190.0,,,664.0,513.0,,4.0,,,,,,169.0,,,,1363.0,,7082.0,,,,,,,,,,,,,,,,,,,,59.0,,,,,,,,,,371.0,,,,,,,,,,,,,,,,,,,,,48.0,24.0,96.0,12.0,,,32.0,48.0,307.0,,,172.0,40.0,40.0,,306.0,498.0,304.0,84.0,,,,,835.0,1242.0,177.0,36.0,,199.0,5281.0,1184.0,4109.0,,,42.0,,,480.0,603.0,573.0,204.0,146.0,323.0,,80.0,,1234.0,372.0,,5062.0,2487.0,2.0,,,,,,,,,,,,20.0,172.0,56.0,136.0,,,,,,,,,48.0,83.0,,,,,,,,,,,,,,,,,,,,4.0,,,,,,,,,,,,,,,,,,,,,,,,,5.0,,107
_250m_16_days_VI_Quality_2025209_aid0001,aid0001,2025-07-28 00:00:00+00:00,,1.0,,,,,,,,48617.0,352.0,69409.0,1.0,3426.0,,,,,,1110.0,66.0,124.0,,,108.0,,1545.0,559.0,,,84.0,208.0,129.0,,3563.0,,,,,5149.0,637.0,363.0,,1.0,415.0,2909.0,2112.0,5497.0,4.0,10708.0,8382.0,,28.0,,,76.0,528.0,,,758.0,7599.0,36.0,695.0,108.0,,1446.0,448.0,4062.0,10287.0,1.0,,8860.0,149.0,18145.0,,61.0,,,10.0,,,,,,,182,20.0,174.0,106.0,,,1174.0,460.0,,3.0,,60.0,,,170.0,30.0,,1.0,,2244.0,,5328.0,,42.0,,,,,,,,,,,,,,,8.0,23.0,,,,9.0,,,,,,,,461.0,403.0,,30.0,,,,,,,38.0,40.0,,2.0,,,,,,,,,,66.0,,,,175.0,,,,,28.0,100.0,252.0,,145.0,,147.0,360.0,,,,,1106.0,419.0,,,,502.0,3551.0,30.0,3458.0,,,118.0,12.0,,42.0,108.0,124.0,720.0,32.0,323.0,,60.0,,785.0,129.0,,3557.0,1686.0,,,30.0,37.0,,,,,,,,,20.0,23.0,2.0,214.0,,1.0,,4.0,,,,,,223.0,,2.0,,,,,,,,,,,,,,,71.0,104.0,,55.0,,42.0,,,5.0,5.0,,4.0,,,,,,,,,,,,63.0,,,1.0,,,,102
_250m_16_days_VI_Quality_2025225_aid0001,aid0001,2025-08-13 00:00:00+00:00,,,,,,1.0,,,40.0,10549.0,96.0,4180.0,,95110.0,20.0,1813.0,855.0,,,18888.0,262.0,1402.0,365.0,,28.0,24.0,,428.0,,240.0,4.0,55.0,35.0,2.0,24361.0,4.0,378.0,786.0,,10964.0,242.0,1260.0,508.0,,459.0,207.0,133.0,247.0,1.0,5309.0,2613.0,,765.0,1405.0,,1576.0,1641.0,,,56.0,513.0,24.0,52.0,864.0,157.0,1911.0,1491.0,343.0,618.0,1.0,121.0,1930.0,107.0,1584.0,,43.0,11167.0,33.0,1789.0,,,,166.0,,,3237,32.0,1325.0,55.0,,42.0,457.0,285.0,,14.0,167.0,151.0,,18.0,215.0,112.0,,1.0,219.0,796.0,,924.0,,884.0,2650.0,,,,,,313.0,,,,,,,,384.0,74.0,147.0,,,149.0,,,,1.0,,,3.0,315.0,91.0,,82.0,57.0,,,24.0,,,118.0,21.0,,17.0,3.0,,4.0,,,,,,8.0,3342.0,,,20.0,747.0,52.0,77.0,9.0,24.0,4.0,,76.0,37.0,,4.0,,7178.0,36.0,24.0,69.0,,4474.0,189.0,353.0,16.0,,241.0,170.0,32.0,175.0,,4.0,5.0,257.0,64.0,116.0,303.0,,88.0,40.0,6.0,,600.0,61.0,1030.0,665.0,1.0,192.0,615.0,,,,,,309.0,,297.0,,,22.0,,741.0,18.0,564.0,3.0,,28.0,,,,12.0,12.0,8.0,177.0,104.0,,39.0,3.0,132.0,3.0,81.0,187.0,,48.0,,13.0,,,,4.0,13.0,91.0,145.0,58.0,8.0,,76.0,,,,,4.0,,,,13.0,,7.0,21.0,18.0,,6.0,,,222.0,95.0,,34.0,15.0,,1.0,122
_250m_16_days_VI_Quality_2025241_aid0001,aid0001,2025-08-29 00:00:00+00:00,,,,,,,,,84.0,8274.0,1264.0,3391.0,1.0,110583.0,16.0,1152.0,,,6.0,15008.0,122.0,14245.0,20.0,,56.0,,240.0,,,36.0,4.0,56.0,,,7440.0,16.0,460.0,38.0,,7808.0,157.0,4740.0,295.0,2.0,171.0,108.0,282.0,295.0,,6169.0,1160.0,,2171.0,8.0,,2426.0,4294.0,,,16.0,161.0,24.0,17.0,1218.0,96.0,3652.0,1770.0,344.0,106.0,,32.0,1859.0,569.0,1124.0,,14.0,11038.0,,3573.0,19.0,,,281.0,,,1596,,1316.0,16.0,,36.0,635.0,91.0,,28.0,75.0,66.0,,16.0,115.0,30.0,,8.0,182.0,931.0,35.0,570.0,,186.0,2493.0,,978.0,,,,343.0,1.0,,,,8.0,,2.0,182.0,4.0,593.0,12.0,,134.0,,,,,,,1.0,520.0,208.0,,44.0,91.0,439.0,,31.0,,,105.0,74.0,,6.0,,,,,,52.0,,,,1019.0,,,,1063.0,8.0,1149.0,,137.0,,28.0,,,12.0,8.0,,1473.0,,12.0,,,2371.0,80.0,566.0,4.0,,593.0,81.0,23.0,4.0,,13.0,,164.0,,236.0,88.0,65.0,,36.0,8.0,,759.0,,2620.0,208.0,,589.0,12.0,,16.0,288.0,,,547.0,,1197.0,18.0,,24.0,,655.0,16.0,373.0,,,27.0,,,,11.0,,,56.0,,,3.0,33.0,23.0,,28.0,196.0,,80.0,,8.0,,,,,,179.0,35.0,53.0,,,31.0,,,,2.0,,,,,27.0,,6.0,104.0,120.0,,4.0,,,317.0,,,43.0,2.0,,5.0,71
_250m_16_days_VI_Quality_2025257_aid0001,aid0001,2025-09-14 00:00:00+00:00,,,,,,1.0,3.0,3.0,34.0,13852.0,594.0,13037.0,3.0,78387.0,,4205.0,,,9.0,6257.0,32.0,4862.0,,,328.0,4.0,4843.0,,1.0,80.0,,117.0,16.0,,21609.0,76.0,640.0,,,10111.0,369.0,3584.0,218.0,1.0,1275.0,65.0,1244.0,362.0,2.0,7199.0,3108.0,6.0,568.0,219.0,,540.0,1516.0,,,8.0,1773.0,9.0,113.0,325.0,32.0,1427.0,1725.0,521.0,2292.0,1.0,68.0,2899.0,22.0,2734.0,,117.0,9617.0,,2012.0,32.0,,,189.0,,,1859,,966.0,72.0,,30.0,542.0,494.0,,30.0,60.0,,,4.0,75.0,58.0,,5.0,161.0,844.0,12.0,1115.0,,576.0,1732.0,,177.0,,,,236.0,,,,,,,,211.0,9.0,52.0,5.0,,111.0,,,,22.0,,,6.0,451.0,755.0,,157.0,59.0,,,5.0,,,31.0,8.0,,5.0,,,,,,,,,,4253.0,,4.0,,1750.0,,1084.0,,263.0,,347.0,,8.0,8.0,6.0,,4538.0,52.0,48.0,,2.0,6862.0,53.0,230.0,27.0,5.0,2059.0,334.0,316.0,27.0,2.0,,,64.0,,88.0,1007.0,8.0,87.0,32.0,,,446.0,36.0,1039.0,622.0,2.0,987.0,662.0,,,,,,806.0,,376.0,28.0,,14.0,,756.0,12.0,352.0,13.0,,63.0,,,,,,,40.0,128.0,,3.0,36.0,168.0,,20.0,287.0,,47.0,,43.0,,,,,,509.0,50.0,403.0,8.0,,441.0,,,11.0,,36.0,,,15.0,66.0,,1.0,12.0,,,,,,226.0,15.0,,25.0,13.0,,,123
