File,aid,Date,2061,2062,2065,2066,2070,2111,2116,2118,2120,2122,2124,2126,2175,2185,2186,2189,2190,2193,2194,2239,2257,2258,2261,2262,2265,2266,2303,2321,2322,2325,2326,2330,2376,2378,2380,2382,2384,2386,2431,2445,2446,2449,2450,2453,2454,2495,2517,2518,2521,2522,2526,2559,3098,3102,3106,3135,3154,3158,3162,3199,3222,3226,3230,3263,3294,3298,3302,3327,3358,3362,3366,3391,3414,3418,3422,3455,3482,3486,3490,3519,3554,3558,3562,3583,4109,4110,4113,4114,4118,4159,4164,4166,4168,4170,4172,4174,4223,4237,4287,4369,4370,4373,4374,4377,4378,4415,5146,5150,5154,5183,5202,5206,5210,5247,5406,5410,5414,5439,6157,6158,6161,6162,6165,6166,6207,6212,6214,6216,6218,6220,6222,6271,6285,6335,6417,6418,6421,6422,6425,6426,6463,7194,7198,7202,7231,7250,7254,7258,7295,7390,7454,7458,7462,7487,7650,18709,19486,34837,34838,34841,34842,34892,34894,34896,34898,34943,34961,34962,34965,34966,35007,35033,35034,35037,35038,35041,35071,35097,35098,35101,35102,35135,35152,35154,35156,35158,35199,35221,35222,35225,35226,35229,35230,35263,35293,35294,35297,35298,35302,35327,35874,35878,35930,35934,35967,35998,36002,36031,36070,36074,36078,36095,36134,36138,36142,36190,36194,36198,36223,36258,36262,36266,36287,36330,36334,36351,36885,36889,36890,36940,36942,36944,36946,36948,36950,36991,37145,37146,37149,37150,37153,37154,37183,37926,37978,37982,37986,38015,38182,38186,38190,38207,38933,38937,38975,38988,38990,38992,38994,38996,38998,39039,39193,39194,39197,39198,39201,39202,39231,39389,39390,39423,39970,39974,40026,40030,40034,40063,40230,40234,40238,40255,40426,40430,51225,52718
_250m_16_days_VI_Quality_2022361_aid0001,aid0001,2022-12-27 00:00:00+00:00,,1837.0,,36.0,,,,,,,,,,44141.0,6376.0,,,,,,116682.0,6343.0,490.0,116.0,,,,,,,,,28.0,,,,,,,3415.0,88.0,,,,,,3306.0,68.0,96.0,212.0,,,436.0,4.0,,,,,,,9376.0,,,,51484.0,152.0,,,,,,,36.0,,,,1348.0,,,,612.0,128.0,,,,954,,412.0,,47.0,19262.0,4380.0,4631.0,3890.0,,,6.0,,,1136,12.0,150,160.0,,,8.0,472.0,65.0,,18.0,8468.0,2725.0,,,244.0,274.0,,2.0,8.0,779,,640,,,67.0,1921.0,444.0,178.0,419.0,,,17.0,,,490.0,,136.0,125.0,,,4.0,320.0,152.0,,24.0,1245.0,121.0,,,,85.0,84.0,,2.0,,,,,,,,,,,,,32.0,,,,,216.0,8.0,,16.0,,,,,,,,,,,,,485.0,,,,,,,553.0,4.0,,8.0,,,,,,,,16.0,,,48.0,8.0,,,,,,4.0,,,,72.0,,,,88.0,32.0,,,,,91.0,,,,,,,500,32.0,42.0,52.0,,,27.0,,,20.0,,,173.0,140.0,,14.0,,,,76.0,,12.0,,,,4.0,410.0,,40.0,20.0,,,14.0,,,,,,16.0,,,,101.0,128.0,,2.0,,,,
_250m_16_days_VI_Quality_2023009_aid0001,aid0001,2023-01-09 00:00:00+00:00,16.0,791.0,,4.0,,,8523.0,,,,,,,212687.0,24.0,,44.0,,,,7639.0,124.0,100.0,172.0,,,,16.0,,,,,776.0,,,,,,,1732.0,,,,,,,188.0,40.0,,36.0,,,73.0,,,,1260.0,,,,19290.0,,,,4212.0,236.0,,,,,,,,,,,196.0,4.0,,,228.0,52.0,,,,298,,104.0,,2.0,28209.0,212.0,2423.0,363.0,,,71.0,,,720,24.0,68,81.0,,,9.0,247.0,194.0,,7.0,2638.0,867.0,,,286.0,274.0,,,,162,,156,,,13.0,2775.0,92.0,743.0,208.0,,,43.0,,,359.0,,125.0,32.0,,,4.0,180.0,60.0,,,1297.0,654.0,,1.0,,71.0,80.0,,2.0,,,,,,,,,,,,,36.0,,,,,16.0,8.0,,16.0,,,,,,,,128.0,,,,,104.0,4.0,,,,,,20.0,4.0,,20.0,,,,,,,,60.0,,,12.0,,,,,,,,,,,72.0,,,,24.0,8.0,,,,,45.0,,,8.0,,,,129,,8.0,192.0,,,2.0,,32.0,92.0,,,192.0,120.0,,8.0,,,,39.0,,315.0,,,,,205.0,,8.0,16.0,,,9.0,,,,,,,109.0,,,136.0,77.0,,,,,,
_250m_16_days_VI_Quality_2023025_aid0001,aid0001,2023-01-25 00:00:00+00:00,,385.0,,,,,48.0,,,,,,,119619.0,,760.0,,,,,123399.0,,28.0,,,,,,,,,,,,,,,,,835.0,,4.0,,,,,271.0,,8.0,,,,28.0,,,,4.0,,,,994.0,,,,832.0,4.0,,,,,,,,,,,,,,,20.0,,,,,423,,32.0,,1.0,37543.0,,4470.0,833.0,,,23.0,,,1402,,73,60.0,,,3.0,99.0,180.0,,,499.0,3011.0,,,44.0,74.0,,,,420,47.0,66,,,11.0,4495.0,,272.0,456.0,,,10.0,,,979.0,,20.0,72.0,,,1.0,84.0,149.0,,,230.0,321.0,,,,107.0,92.0,,,,,,,,,,,,,,,28.0,,,,,4.0,,,,,,,,,,,,,,,,161.0,,,,,,,8.0,,12.0,,,,,,,,,,,,,,,,,,,,,,,,,,,,,,,,,20.0,,,,,,,274,,4.0,23.0,,,,,,,,,25.0,51.0,,3.0,,,,76.0,,,80.0,,,,228.0,,12.0,,,,3.0,,,,,,,15.0,,,,23.0,,,,,,
_250m_16_days_VI_Quality_2023041_aid0001,aid0001,2023-02-10 00:00:00+00:00,426.0,,,,,,108514.0,,392.0,,,,,140254.0,,888.0,,,,,1988.0,,4.0,,,,,28.0,,,,,20.0,,,,,,,254.0,,57.0,,,,,115.0,,,,,,,,,,28.0,,,,232.0,4.0,,,32.0,,,,,,,,,,,,,,,,,,,,98.0,124,,12.0,,,37433.0,,4399.0,4.0,,,,,,778,,84,,,,,9.0,16.0,,,139.0,141.0,,,84.0,36.0,,,4.0,105,,4,,,,5894.0,,531.0,32.0,,,,,,477.0,,34.0,,,,,14.0,34.0,,,143.0,480.0,,,,88.0,45.0,,,,,,,,,,,,,,,,,,,,,,,,,,,,,,,,,,,,20.0,,,,,,,,,,,,,,,,,,,,,,,,,,,,,,,,,,,,,,,,,,18.0,,32.0,,,,,90,,12.0,,,,,,,6.0,,,,,,,,,,79.0,,,,,,,108.0,,8.0,,,,,,,,,,24.0,,,,16.0,,,,,,,
_250m_16_days_VI_Quality_2023057_aid0001,aid0001,2023-02-26 00:00:00+00:00,,,,,,,6636.0,,,,,,,239701.0,,2189.0,,,,,806.0,,1.0,,,,,,,,,,,,,,,,,,,,,,,,,,,,,,,,,,,,,,,,,,,,,,,,,,,,,,,,,,,,,,,1,,,,,40697.0,,5988.0,,,,2.0,,,43,,8,,,,,,,,,,28.0,,,,4.0,,,,17,,4,,,,6408.0,,1973.0,,,,1.0,,,88.0,,16.0,,,,,,,,,13.0,132.0,,,,,8.0,,,,,,,,,,,,,,,,,,,,,,,,,,,,,,,,,,,,,,,,,,,,,,,,,,,,,,,,,,,,,,,,,,,,,,,,,,,,,,,,,,,,,18,,1.0,,,,,,,8.0,,,,,,,,,,,,46.0,,,,,37.0,,17.0,,,,,,,,,,,,,,,,,,,,,
_250m_16_days_VI_Quality_2023073_aid0001,aid0001,2023-03-14 00:00:00+00:00,,4.0,,,,,246.0,,,,,,,160728.0,,30118.0,,,,,52580.0,,5824.0,,,,,,,,,,,,,,,,,20.0,,,,,,,43.0,,,,,,,,,,,,,,32.0,,,,324.0,12.0,,,,,,,,,,,,,,,,,,,,96,,32.0,,,35673.0,,9188.0,2.0,,,2.0,,,276,,26,8.0,,,1.0,79.0,13.0,,,112.0,742.0,,,51.0,27.0,,,,185,,77,,,4.0,4121.0,,3029.0,35.0,,,3.0,,,171.0,,36.0,12.0,,,8.0,83.0,4.0,,,48.0,75.0,,,,71.0,4.0,,,,,,,,,,,,,,,,,,,,,,,,,,,,,,,,,,,,,,,,,,,,,,,,,,,,,,,,,,,,,,,,,,,,,,,,,,,,,,34.0,,57.0,56.0,,,,123,,,4.0,,,,,,,,,4.0,8.0,,,,,,79.0,,85.0,,,,,69.0,,4.0,116.0,,,,,,,,,,,,,27.0,,,,,,,
_250m_16_days_VI_Quality_2023089_aid0001,aid0001,2023-03-30 00:00:00+00:00,,,,,,,185401.0,,34.0,,,,,73849.0,,1136.0,,,,,4.0,,,,,,,,,,,,4.0,,,,,,,,,,,,,,,,,,,,,,,,,,,,,,,,,,,,,,,,,,,,,,,,,,,,,50,,8.0,,,31481.0,,4281.0,,,,26.0,,,94,,22,,,,3.0,,4.0,,,,187.0,,,,,,,,69,224.0,17,,,1.0,4173.0,,3112.0,,,,,,,182.0,,36.0,,,,,,8.0,,,,81.0,,,,,,,,,,,,,,,,,,,,,,,,,,,,,,,,,,,,,,,,,,,,,,,,,,,,,,,,,,,,,,,,,,,,,,,,,,,,,,,,,,,2.0,,144.0,,,,,61,,1.0,,,,,,5.0,,,,,,,,4.0,28.0,,16.0,,107.0,,,,,24.0,,8.0,,,,,,,,,,,4.0,,,,,,,,,,
_250m_16_days_VI_Quality_2023105_aid0001,aid0001,2023-04-15 00:00:00+00:00,,210.0,,4.0,,,74886.0,,40.0,,,,,159465.0,,19354.0,,,,,110.0,,26.0,,,,,,,,,,46.0,,,,,,,204.0,,128.0,,,,,24.0,,24.0,,,,,8.0,,,,,,,4.0,4.0,,,,8.0,,,,,,,,,,,8.0,4.0,,,4.0,4.0,,,,219,,85.0,,1.0,30486.0,,9914.0,8.0,,,,,,575,,268,,,,,,92.0,,,,101.0,,,,14.0,,,12.0,247,159.0,107,,,3.0,5225.0,,1101.0,,,,,,,319.0,,99.0,,,,4.0,44.0,76.0,,,,11.0,,,,,1.0,,,,,,,,,,,,,,,,,4.0,,,,,,,,,,,,,,,,,,,4.0,,,,,,,,,,,,,,,,,,,,,,,,,,,,,,,,,4.0,,,,4.0,,,,,56.0,,196.0,28.0,,,,33,,74.0,8.0,,,,,,,,,,43.0,,,12.0,108.0,,116.0,,264.0,,,,,44.0,,74.0,,,,,,,,,,,31.0,,,,52.0,,,,,,
_250m_16_days_VI_Quality_2023121_aid0001,aid0001,2023-05-01 00:00:00+00:00,,115.0,693.0,32.0,,,97045.0,,114034.0,,,,,17129.0,,20307.0,,,,,1498.0,,1076.0,,,,,,,76.0,,,228.0,,160.0,,,,,555.0,,75.0,,,,,484.0,,93.0,,,,36.0,4.0,,,,,,,16.0,32.0,,,,12.0,,,,,,,,,,,,,,,,12.0,,,,319,398.0,503.0,,2.0,24687.0,,14132.0,,,,,,,460,,1260,,,,1.0,72.0,51.0,,,43.0,231.0,,,12.0,220.0,,,16.0,432,95.0,498,,,12.0,2797.0,,1985.0,23.0,,,,,,282.0,,710.0,,,,4.0,20.0,238.0,,,20.0,283.0,,,,8.0,167.0,,,,,,,,,,,,,,,,,16.0,,,,,,,,,,,,,,,,,,,12.0,,32.0,,,,,4.0,,4.0,,,,,,,,,,,,,,,,,,,,,,,8.0,,,,8.0,,,,,,24.0,,172.0,,,,,77,,331.0,,,,,,4.0,8.0,,,9.0,21.0,,1.0,,16.0,,24.0,,20.0,,,,,78.0,,261.0,4.0,,,1.0,,,,,,,20.0,,,3.0,40.0,,,,,,
_250m_16_days_VI_Quality_2023137_aid0001,aid0001,2023-05-17 00:00:00+00:00,835.0,293.0,,28.0,,,156183.0,,116.0,,,,,65255.0,,22046.0,,,,,2269.0,,1812.0,,,,,112.0,,,,,4195.0,12.0,24.0,,,,,3575.0,,170.0,,,,,120.0,4.0,127.0,12.0,,,52.0,18.0,,,,,,,40.0,432.0,,,,84.0,,,,,,,,,,,84.0,105.0,,,3.0,68.0,,,125.0,758,,191.0,,10.0,24549.0,3.0,7994.0,,,,6.0,,,2380,6.0,461,,,,82.0,205.0,52.0,,1.0,28.0,28.0,,,55.0,4.0,,,98.0,711,50.0,193,,,177.0,3531.0,3.0,605.0,,,,37.0,,,1295.0,11.0,226.0,,,,122.0,60.0,28.0,,,12.0,,,,,53.0,,,7.0,,,,,,,,52.0,,,,,64.0,,8.0,,,24.0,,44.0,,,,,,,,,120.0,,,,,383.0,4.0,56.0,,,,,8.0,,,,,,,,,,,,,,,4.0,,,,,,,,,,22.0,,,,20.0,24.0,,,,,190.0,,167.0,,,,1.0,277,4.0,198.0,,,,9.0,,,1.0,,,68.0,17.0,,,20.0,,,156.0,,369.0,,,,10.0,174.0,12.0,80.0,,,,34.0,,,,4.0,,,,,,24.0,12.0,,,,,,
_250m_16_days_VI_Quality_2023153_aid0001,aid0001,2023-06-02 00:00:00+00:00,320.0,557.0,,199.0,,,105508.0,,,100.0,,,,114679.0,20.0,5259.0,12.0,,,,6743.0,47.0,4470.0,800.0,,,,311.0,,,,,1494.0,4.0,,108.0,,,,2333.0,,29.0,272.0,,,,1462.0,92.0,4.0,176.0,,,156.0,8.0,,,,,,,224.0,1562.0,,,475.0,8597.0,,,,,,,8.0,,,,180.0,,,,561.0,48.0,,,92.0,1548,,204.0,,2.0,24576.0,,3293.0,100.0,,,,,,2965,91.0,217,8.0,,,,184.0,74.0,,,,2666.0,,,4.0,306.0,,,36.0,1442,20.0,136,,,,2306.0,,1027.0,12.0,,,,,,913.0,108.0,374.0,,,,,194.0,105.0,,,,899.0,,,,6.0,32.0,,,,,,,,,,80.0,,,,,116.0,,23.0,,,160.0,,80.0,72.0,,,20.0,,,,,88.0,,,76.0,,220.0,16.0,8.0,265.0,,,,263.0,8.0,32.0,245.0,,,,,,,,,28.0,,4.0,64.0,,,,,,8.0,,,,80.0,16.0,,,90.0,8.0,,,,,145.0,,301.0,,,,,495,20.0,85.0,,,,,,,249.0,,,,48.0,,,,8.0,,44.0,,282.0,,,,,264.0,4.0,70.0,,,,,,,,,,,8.0,,,,40.0,,,,,,
_250m_16_days_VI_Quality_2023169_aid0001,aid0001,2023-06-18 00:00:00+00:00,,48288.0,,25131.0,,10.0,368.0,140.0,,,,,,631.0,114.0,1200.0,,,,,,289.0,,124.0,,,,36.0,7.0,,56.0,,392.0,671.0,,48.0,,,,2582.0,5670.0,1363.0,1722.0,,,,143.0,5412.0,162.0,2278.0,,,29036.0,11777.0,,1.0,1838.0,,,,6635.0,1720.0,,,607.0,258.0,,,16.0,,,,5387.0,,,,30126.0,7471.0,,,4488.0,1647.0,,,,14699,,11485.0,,7.0,1115.0,,699.0,,,,,,,1342,20.0,538,32.0,,,,4162.0,1455.0,,10.0,524.0,,,,360.0,,,,,2736,,3565,,,17.0,220.0,,18.0,,,,,,,57.0,55.0,20.0,24.0,,,5.0,451.0,530.0,,5.0,96.0,,,,,36.0,,,,,,,,,,,100.0,,,52.0,,108.0,,717.0,32.0,7.0,94.0,20.0,44.0,112.0,,,,77.0,,69.0,,172.0,68.0,,,,2420.0,1110.0,1629.0,2506.0,,,,1100.0,4590.0,642.0,5467.0,,4.0,,,412.0,,,2032.0,1159.0,,265.0,92.0,,,40.0,,,1256.0,48.0,,,16781.0,8151.0,,1.0,6616.0,2906.0,,,,,,,191.0,,,,,484,8.0,295.0,83.0,,,,,92.0,,,,297.0,64.0,,,,,,,,30.0,,,,,,56.0,79.0,104.0,,,,,,,,,,,,,64.0,18.0,,,,,,
_250m_16_days_VI_Quality_2023185_aid0001,aid0001,2023-07-04 00:00:00+00:00,,57299.0,,34392.0,,11.0,780.0,200.0,,,,,4.0,732.0,2609.0,52.0,829.0,,,,1020.0,336.0,140.0,2380.0,,,,,352.0,,924.0,,1144.0,684.0,,,,,,1400.0,8454.0,116.0,3801.0,,,13.0,944.0,4232.0,548.0,13941.0,,,13148.0,4065.0,,,3698.0,,,,3602.0,2716.0,,,447.0,1996.0,,,24.0,56.0,,,6429.0,,,,14526.0,4829.0,,1.0,1537.0,6411.0,,,,13202,,10177.0,,60.0,965.0,276.0,1120.0,168.0,,,12.0,,,1692,356.0,1134,120.0,,,39.0,2088.0,1699.0,,46.0,97.0,440.0,,16.0,398.0,88.0,,3.0,21.0,3057,,805,,,94.0,112.0,,68.0,,,,15.0,,,407.0,,,32.0,,,32.0,1078.0,424.0,,39.0,19.0,,,1.0,,117.0,94.0,,11.0,,,,,28.0,,,575.0,72.0,,,,480.0,772.0,,80.0,,224.0,156.0,32.0,988.0,,,20.0,349.0,,1516.0,,1763.0,316.0,,12.0,,2513.0,5700.0,83.0,1784.0,,,,575.0,4344.0,315.0,12945.0,,1.0,14.0,,444.0,,,912.0,132.0,,17.0,213.0,,4.0,164.0,169.0,,2443.0,78.0,,,10170.0,1780.0,,,2344.0,3682.0,37.0,,,,124.0,60.0,196.0,104.0,,,8.0,1116,286.0,385.0,313.0,,,16.0,,32.0,533.0,,3.0,175.0,450.0,,7.0,,,,64.0,,68.0,,,,,492.0,38.0,68.0,,,,25.0,,,,,,,247.0,,1.0,38.0,352.0,,,,,,
_250m_16_days_VI_Quality_2023201_aid0001,aid0001,2023-07-20 00:00:00+00:00,28.0,22112.0,,25137.0,,28.0,2131.0,205.0,19.0,566.0,,,25.0,1265.0,620.0,935.0,2768.0,,,211.0,,88.0,249.0,591.0,,,30.0,,30.0,8.0,456.0,,520.0,1743.0,60.0,1755.0,,,,1175.0,8875.0,660.0,14231.0,,,90.0,36.0,1974.0,133.0,5594.0,,26.0,13672.0,2868.0,,5.0,20720.0,148.0,,3.0,16171.0,1680.0,,,482.0,704.0,,,1070.0,48.0,,,19915.0,220.0,,1.0,28414.0,4428.0,,,2497.0,1697.0,,,525.0,9283,,8702.0,,60.0,5721.0,,410.0,24.0,,,283.0,,,4100,36.0,652,130.0,,,133.0,1806.0,992.0,,12.0,1415.0,66.0,,23.0,402.0,112.0,,6.0,471.0,1281,,815,,,361.0,2554.0,,24.0,,,,258.0,,,719.0,,30.0,,,,275.0,371.0,307.0,,15.0,371.0,,,12.0,,59.0,28.0,,13.0,,,,,,,8.0,166.0,12.0,,60.0,,320.0,284.0,283.0,1068.0,5.0,,,52.0,544.0,,14.0,,40.0,,352.0,,169.0,152.0,32.0,583.0,,789.0,4286.0,996.0,9254.0,,,37.0,322.0,1715.0,128.0,7867.0,,7.0,,,449.0,,,1574.0,928.0,,184.0,848.0,,,12.0,14.0,,1803.0,72.0,,,9081.0,3807.0,,13.0,1321.0,1801.0,,,,,140.0,,,,,,,406,16.0,259.0,84.0,,,12.0,,36.0,68.0,,,199.0,43.0,,,,,,53.0,,,,,,7.0,51.0,4.0,3.0,4.0,,,12.0,,,,,,16.0,,,,50.0,,,2.0,,,,
_250m_16_days_VI_Quality_2023217_aid0001,aid0001,2023-08-05 00:00:00+00:00,84.0,48829.0,,35160.0,,9.0,1096.0,,,,,,52.0,4546.0,424.0,132.0,572.0,,,121.0,859.0,758.0,332.0,1668.0,,,37.0,,643.0,,1661.0,,797.0,96.0,,,,,26.0,6338.0,3193.0,144.0,1236.0,,,47.0,349.0,10355.0,28.0,7906.0,,2.0,23051.0,2344.0,,3.0,2966.0,,,6.0,5200.0,392.0,,1.0,6106.0,4293.0,,,168.0,176.0,,,2717.0,,,,25714.0,1180.0,,4.0,11304.0,1469.0,,,,14909,132.0,8825.0,,30.0,2024.0,,231.0,41.0,,,46.0,,,3478,28.0,289,175.0,,,37.0,3510.0,965.0,,5.0,166.0,4.0,,6.0,588.0,366.0,,2.0,208.0,3355,,913,,,23.0,530.0,,,,,,35.0,,,735.0,32.0,,,,,54.0,1504.0,213.0,,,,,,,,35.0,,,,,12.0,,,24.0,,263.0,72.0,,,,,153.0,52.0,80.0,70.0,15.0,797.0,196.0,170.0,956.0,,4.0,,403.0,24.0,1985.0,,287.0,,,,,1250.0,710.0,24.0,1429.0,,,25.0,708.0,8438.0,12.0,8374.0,,3.0,,92.0,,,,280.0,327.0,,1433.0,972.0,,,114.0,466.0,,248.0,,,,4722.0,1048.0,,3.0,6836.0,1537.0,1.0,,,12.0,131.0,,,,,,1.0,553,3.0,268.0,254.0,,,14.0,,32.0,,,,353.0,186.0,,,15.0,,5.0,,,,,,,,274.0,12.0,17.0,,,,1.0,,,,,,,,,,57.0,,,,,,,
_250m_16_days_VI_Quality_2023233_aid0001,aid0001,2023-08-21 00:00:00+00:00,,20766.0,,2619.0,,1.0,,,,,,,,20259.0,,52.0,,,,,43181.0,928.0,7144.0,4054.0,,,13.0,,4.0,,4.0,,,,,,,,,7893.0,164.0,,108.0,,,4.0,25011.0,4926.0,1676.0,4544.0,,2.0,9944.0,1347.0,,,,,,,964.0,116.0,,,25248.0,5424.0,,,,,,,,,,,1677.0,192.0,,,26429.0,3911.0,,,,5631,,1447.0,,,6876.0,24.0,2099.0,32.0,,,,,,4044,9.0,515,590.0,,,,3356.0,394.0,,,2334.0,1325.0,,,1731.0,1020.0,,,,2745,,123,,,2.0,1318.0,,,,,,,,,296.0,12.0,85.0,52.0,,,,829.0,54.0,,2.0,500.0,269.0,,,,241.0,209.0,,,4.0,,,,4.0,36.0,2.0,,,,,,866.0,,,,,3574.0,,64.0,2719.0,,,,16.0,4.0,80.0,,,16.0,,,,2814.0,296.0,,36.0,,,,15315.0,1394.0,83.0,2548.0,,9.0,,,,,,23.0,,,938.0,484.0,,,,,,,,,,691.0,20.0,,,10021.0,767.0,,,,,745.0,,24.0,60.0,,,,1235,60.0,161.0,222.0,,,,,115.0,88.0,,,1011.0,462.0,,,,,,203.0,,,,,,,238.0,,24.0,,,,,,,,40.0,,68.0,124.0,,,196.0,222.0,,,,,,
_250m_16_days_VI_Quality_2023249_aid0001,aid0001,2023-09-06 00:00:00+00:00,,17345.0,,7644.0,,7.0,6586.0,,5727.0,48.0,,,12.0,37732.0,40.0,4541.0,23.0,,,172.0,1188.0,160.0,196.0,40.0,,,,,21.0,24.0,112.0,,5004.0,32.0,1478.0,76.0,,,3.0,49981.0,1160.0,10577.0,1887.0,,,30.0,3603.0,675.0,343.0,251.0,,,9134.0,4705.0,,15.0,388.0,3923.0,,,3564.0,3301.0,,2.0,818.0,943.0,,,1.0,76.0,,,914.0,1687.0,,,13208.0,8624.0,,4.0,2427.0,737.0,,,,10699,16.0,3406.0,,138.0,3144.0,,3735.0,,,,71.0,,,4318,40.0,1825,48.0,,,120.0,2046.0,659.0,,27.0,,119.0,,,35.0,73.0,,3.0,8.0,2184,80.0,773,,,151.0,979.0,,207.0,,,,30.0,,,832.0,,231.0,,,,119.0,920.0,382.0,,42.0,,45.0,,,,31.0,24.0,,1.0,,8.0,,76.0,6.0,,,546.0,,196.0,,2.0,3107.0,72.0,116.0,,36.0,424.0,30.0,228.0,,,36.0,9.0,94.0,56.0,72.0,,2249.0,2.0,253.0,12.0,12.0,20271.0,720.0,451.0,280.0,,,139.0,2615.0,976.0,357.0,220.0,,41.0,,,168.0,64.0,,734.0,262.0,10.0,584.0,372.0,,3.0,105.0,132.0,,136.0,372.0,,,7410.0,1374.0,,16.0,3094.0,1908.0,13.0,,,,351.0,,84.0,,,,22.0,3142,47.0,692.0,24.0,,,64.0,,,,,,35.0,90.0,,18.0,,,,77.0,,,,,,3.0,793.0,14.0,40.0,,,,56.0,,,,,,,,,,54.0,39.0,,7.0,,,20.0,
_250m_16_days_VI_Quality_2023265_aid0001,aid0001,2023-09-22 00:00:00+00:00,,45001.0,,12678.0,,29.0,123.0,,,,,,9.0,23328.0,8.0,7908.0,28.0,,,18.0,5060.0,,3904.0,8.0,,,,20.0,273.0,28.0,397.0,,124.0,,,,,,,28740.0,424.0,5265.0,88.0,,,21.0,19604.0,1675.0,1872.0,914.0,,1.0,15068.0,4808.0,,17.0,,,,,1308.0,1373.0,,,1092.0,2707.0,,2.0,723.0,352.0,,,57.0,16.0,,8.0,5832.0,2306.0,,47.0,9379.0,3452.0,,5.0,,14051,,3720.0,,58.0,3511.0,,1917.0,,,,48.0,,,4426,61.0,1307,96.0,,,80.0,3676.0,490.0,,19.0,206.0,,,2.0,408.0,152.0,,35.0,,2876,19.0,721,,,47.0,282.0,8.0,245.0,,,,17.0,,,632.0,12.0,321.0,,,,15.0,1075.0,407.0,,51.0,12.0,123.0,,,,28.0,38.0,,2.0,,,,,20.0,,,,,,,,2930.0,,900.0,,,1553.0,4.0,2457.0,96.0,,5.0,43.0,512.0,64.0,424.0,,110.0,,,,6.0,10495.0,214.0,671.0,56.0,,,34.0,7639.0,1739.0,1726.0,1454.0,,44.0,400.0,68.0,,,,375.0,415.0,,452.0,1343.0,,,1039.0,467.0,,25.0,40.0,,4.0,3005.0,767.0,,32.0,5470.0,4315.0,25.0,,,,258.0,,275.0,,,,7.0,2804,156.0,528.0,164.0,,,74.0,,,176.0,,4.0,307.0,357.0,,9.0,,,,72.0,,39.0,,,,,408.0,,417.0,,,,14.0,,,,,,,,,,32.0,58.0,,,,,,
_250m_16_days_VI_Quality_2023281_aid0001,aid0001,2023-10-08 00:00:00+00:00,,503.0,,56.0,,,10980.0,,64.0,,,,120.0,188379.0,,2200.0,56.0,,,277.0,23805.0,,2239.0,151.0,,,130.0,,,,,,153.0,,,,,,,9845.0,,16.0,49.0,,,,3130.0,13.0,56.0,28.0,,,301.0,88.0,,,,62.0,,,23.0,2331.0,,1.0,561.0,797.0,,162.0,,,,,,,,,624.0,236.0,,,547.0,140.0,,,,274,,64.0,,1.0,28345.0,,5309.0,84.0,,,167.0,,,1762,,100,16.0,,,101.0,60.0,67.0,,,531.0,655.0,,24.0,244.0,38.0,,2.0,26.0,360,,33,,,16.0,3693.0,,540.0,168.0,,,60.0,,,672.0,,90.0,8.0,,,29.0,133.0,40.0,,,193.0,290.0,,,2.0,127.0,97.0,,,,,,,,,,,,,,,853.0,,88.0,,,811.0,,72.0,,,,,,,,,143.0,,,,,4585.0,,36.0,12.0,,,,1451.0,,12.0,8.0,,,,,,,,,20.0,,91.0,28.0,,,,,,,,,,176.0,32.0,,,346.0,132.0,,,,,923.0,,89.0,24.0,,,8.0,894,,50.0,,,,52.0,,4.0,134.0,,,225.0,44.0,,3.0,,,,115.0,,44.0,85.0,,,,577.0,4.0,5.0,4.0,,,2.0,,,,,,,20.0,,,61.0,80.0,,4.0,,,,
_250m_16_days_VI_Quality_2023297_aid0001,aid0001,2023-10-24 00:00:00+00:00,,60.0,,4.0,,,22857.0,,,,,,193.0,143383.0,,6119.0,,,,113.0,18560.0,,6683.0,192.0,,,8.0,,,,,,260.0,,,,,,,6871.0,,,,,,,2440.0,28.0,108.0,8.0,,,38.0,16.0,,,44.0,,,,724.0,465.0,,9.0,15491.0,18145.0,,,,,,,8.0,,,,559.0,,,,440.0,96.0,,,,382,,88.0,,16.0,20869.0,,11961.0,84.0,,,312.0,,,1927,,323,,,,61.0,160.0,82.0,,5.0,1707.0,3221.0,,1.0,463.0,205.0,,15.0,,361,,172,,,64.0,3556.0,,473.0,,,,93.0,,,578.0,,64.0,,,,77.0,116.0,97.0,,1.0,222.0,415.0,,5.0,,117.0,124.0,,1.0,,,,,,,,96.0,,,,,1485.0,,4.0,,,832.0,,56.0,,,,,,,,,80.0,,,,,4284.0,12.0,,,,,,1529.0,,36.0,,,,,,,,,16.0,,,152.0,8.0,,,,,,,,,,112.0,,,,192.0,39.0,,,,,588.0,,44.0,,,,35.0,1050,,135.0,,,,103.0,,77.0,5.0,,,188.0,144.0,,9.0,,,,200.0,,3.0,,,,5.0,522.0,,56.0,,,,137.0,,,,,,43.0,30.0,,,143.0,88.0,,13.0,,,,
_250m_16_days_VI_Quality_2023313_aid0001,aid0001,2023-11-09 00:00:00+00:00,208.0,68.0,,40.0,,,152733.0,8.0,2958.0,,,,66.0,72954.0,16.0,4782.0,,,,1.0,7416.0,,240.0,,,,,96.0,,,,,832.0,,75.0,,,,,762.0,8.0,92.0,8.0,,,,268.0,,,,,,16.0,24.0,,,3250.0,20.0,,2.0,975.0,6247.0,,,1150.0,415.0,,,4.0,,,,92.0,4.0,,,124.0,44.0,,,52.0,8.0,,,31.0,613,,123.0,,96.0,29553.0,,1922.0,12.0,,,441.0,,,1543,,206,,,,118.0,249.0,105.0,,19.0,1386.0,953.0,,8.0,245.0,36.0,,19.0,40.0,923,,154,,,341.0,3273.0,,442.0,,,,86.0,,,581.0,,72.0,,,,108.0,245.0,169.0,,69.0,180.0,138.0,,4.0,,70.0,28.0,,4.0,,,,12.0,,,,16.0,,20.0,,,163.0,,12.0,,,484.0,,16.0,,,,,,4.0,,,252.0,,125.0,,,528.0,,204.0,,,,,169.0,,16.0,,,,,,4.0,,,,,,12.0,,,,,,,4.0,12.0,,,68.0,4.0,,,24.0,,,,,,239.0,,16.0,,,,6.0,445,,34.0,,,,146.0,,24.0,8.0,,,179.0,20.0,,9.0,,,,118.0,,47.0,,,,8.0,491.0,,15.0,12.0,,,159.0,,,,,,12.0,,,,74.0,8.0,,9.0,,,,
_250m_16_days_VI_Quality_2023329_aid0001,aid0001,2023-11-25 00:00:00+00:00,4.0,16.0,,,,,73301.0,,,,,,,185745.0,,4.0,,,,25.0,376.0,,4.0,,,,,,,,,,24.0,,,,,,,104.0,,,,,,,52.0,,,,,,,,,,116.0,,,,2116.0,,,,1014.0,,,,,,,,,,,,12.0,,,,92.0,,,,52.0,483,,48.0,,20.0,28825.0,,139.0,,,,259.0,51.0,13.0,1150,12.0,57,,,,111.0,467.0,43.0,,8.0,589.0,13.0,,2.0,218.0,44.0,,7.0,23.0,979,,129,,,114.0,3550.0,,187.0,,,,144.0,62.0,13.0,683.0,,71.0,,,,57.0,872.0,150.0,,47.0,243.0,34.0,,6.0,,105.0,68.0,,1.0,,,,,,,,,,,,,16.0,,,,,,,,,,,,,,,,,,,,,12.0,,,,,,,16.0,5.0,,,,3.0,,,,,,,,,20.0,,,,,,,,,,,,,,,40.0,,,,,,115.0,,12.0,,,,,212,36.0,2.0,,,,33.0,,151.0,,,1.0,247.0,4.0,,22.0,,,,44.0,,12.0,,,,,365.0,8.0,6.0,,,,51.0,,,,,,40.0,12.0,,,243.0,4.0,,5.0,,,,
_250m_16_days_VI_Quality_2023345_aid0001,aid0001,2023-12-11 00:00:00+00:00,,558.0,,12.0,,,4193.0,,200.0,,,,,106359.0,,1856.0,4.0,,,,108814.0,152.0,3219.0,280.0,,,5.0,,,,,,433.0,,,,,,,1863.0,,20.0,,,,1.0,565.0,40.0,212.0,16.0,,,29.0,8.0,,,24.0,,,,940.0,616.0,,,10562.0,5373.0,,,,,,,,,,,128.0,80.0,,,229.0,20.0,,,,498,,148.0,,42.0,27371.0,108.0,9065.0,570.0,,,11.0,,,1285,13.0,727,136.0,,,32.0,227.0,187.0,,7.0,2161.0,3887.0,,5.0,378.0,439.0,,13.0,22.0,573,88.0,180,,,77.0,2548.0,68.0,893.0,292.0,,,21.0,,,530.0,22.0,212.0,41.0,,,25.0,402.0,93.0,,19.0,488.0,293.0,,,,106.0,30.0,,1.0,,,,,,,,,,,,,40.0,,,,,76.0,,100.0,,,,,,,,,,,,,,303.0,4.0,24.0,,,,,343.0,48.0,44.0,,,,,,,,,,,,44.0,8.0,,,,,,,,,,24.0,16.0,,,159.0,4.0,,,,,252.0,12.0,80.0,,,,4.0,328,14.0,356.0,68.0,,,31.0,,24.0,80.0,,,226.0,64.0,,7.0,,,,72.0,,,,,,,482.0,4.0,85.0,30.0,,,23.0,,,,,,12.0,48.0,,,162.0,39.0,,6.0,,,,
_250m_16_days_VI_Quality_2023361_aid0001,aid0001,2023-12-27 00:00:00+00:00,276.0,410.0,,44.0,,,23858.0,,,,,,,200245.0,24.0,52.0,364.0,,,6.0,18055.0,204.0,1201.0,144.0,,,,121.0,16.0,,,,1310.0,4.0,,,,,,2291.0,48.0,20.0,64.0,,,,202.0,,72.0,12.0,,,56.0,,,,128.0,,,,2400.0,296.0,,,3324.0,80.0,,,,,,,40.0,,,,132.0,16.0,,,52.0,16.0,,,20.0,432,,82.0,,29.0,30526.0,22.0,4495.0,140.0,,,39.0,,,1402,,280,81.0,,,56.0,161.0,178.0,,10.0,894.0,413.0,,4.0,147.0,239.0,,,,409,,231,,,56.0,3154.0,107.0,1167.0,126.0,,,23.0,,,599.0,4.0,177.0,40.0,,,38.0,208.0,175.0,,2.0,356.0,266.0,,3.0,,44.0,150.0,,4.0,,,,8.0,,,,,,,,,76.0,,,,,16.0,,,12.0,,,4.0,,,,,240.0,,,,,246.0,,,,,,,64.0,,4.0,12.0,,,,,,,,,,,,,,,,,,,,,,72.0,,,,20.0,,,,,,122.0,,247.0,,,,2.0,352,4.0,41.0,32.0,,,6.0,,28.0,43.0,,,99.0,40.0,,1.0,,,,32.0,,20.0,,,,,275.0,,52.0,24.0,,,28.0,,,,,,,,,,41.0,56.0,,,,,,
_250m_16_days_VI_Quality_2024009_aid0001,aid0001,2024-01-09 00:00:00+00:00,,2006.0,,24.0,,,,,,,,,,4890.0,152.0,,,,,,120755.0,13288.0,401.0,3295.0,,,,28.0,8.0,,,,,,,,,,,531.0,56.0,,,,,,4748.0,1224.0,88.0,312.0,,,711.0,327.0,,,,,,,1785.0,,,,79431.0,6653.0,,,,,,,,,,,348.0,,,,3560.0,400.0,,,,537,,491.0,,,16181.0,2610.0,2594.0,5069.0,,,,,,1005,236.0,322,420.0,,,,613.0,561.0,,,8438.0,5101.0,,,1029.0,1499.0,,,24.0,161,,364,,,,1290.0,388.0,995.0,521.0,,,,,,441.0,44.0,314.0,67.0,,,,457.0,363.0,,,784.0,173.0,,,,316.0,145.0,,,,,,,,,,,,,,,36.0,,,,,404.0,92.0,,100.0,,,,,,,,,,,,,52.0,,,,,,,1175.0,91.0,,72.0,,,,,,,,,,,152.0,220.0,,,,,,,,,,12.0,,,,560.0,221.0,,,,,94.0,12.0,91.0,124.0,,,,216,72.0,39.0,302.0,,,,,123.0,38.0,,,233.0,339.0,,,,,,42.0,,271.0,152.0,,,,97.0,72.0,108.0,142.0,,,,,,,,,16.0,175.0,,,263.0,109.0,,,,,,
_250m_16_days_VI_Quality_2024025_aid0001,aid0001,2024-01-25 00:00:00+00:00,,493.0,,8.0,,,13027.0,,,,,,,183926.0,,14340.0,,,,,20403.0,4.0,5668.0,,,,,,,,,,192.0,,,,,,,830.0,,276.0,,,,,367.0,,192.0,,,,24.0,,,,40.0,,,,1709.0,461.0,,,1642.0,160.0,,,,,,,,,,,20.0,,,,36.0,37.0,,,,336,,112.0,,1.0,32212.0,4.0,15932.0,119.0,,,9.0,,,1212,,660,12.0,,,3.0,134.0,111.0,,6.0,499.0,265.0,,1.0,65.0,265.0,,,,509,,170,,,6.0,4040.0,,580.0,8.0,,,6.0,,,606.0,,237.0,4.0,,,14.0,220.0,269.0,,6.0,168.0,498.0,,2.0,,96.0,339.0,,,,,,,,,,12.0,,,,,121.0,,,,,52.0,,28.0,,,,,,,,,12.0,,,,,105.0,,86.0,,,,,90.0,12.0,4.0,8.0,,,,,,,,,,,,,,,,,,,,,,4.0,36.0,,,,16.0,,,,,27.0,,60.0,,,,,86,,81.0,,,,1.0,,,72.0,,,25.0,47.0,,,,,,20.0,,62.0,,,,,96.0,4.0,23.0,12.0,,,8.0,,,,,,,3.0,,,51.0,36.0,,,,,,
_250m_16_days_VI_Quality_2024041_aid0001,aid0001,2024-02-10 00:00:00+00:00,,184.0,,,,,4713.0,,,,,,,173506.0,,,,,,,72948.0,,15.0,,,,,8.0,,,,,164.0,,,,,,,761.0,,,,,,,150.0,,12.0,12.0,,,,,,,,,,,176.0,,,,488.0,,,,,,,,,,,,8.0,,,,,4.0,,,,408,,46.0,,1.0,36033.0,,4281.0,,,,1.0,,,1235,,110,4.0,,,,63.0,23.0,,1.0,96.0,427.0,,,17.0,21.0,,,,474,,81,,,,4873.0,,863.0,,,,,,,954.0,,151.0,,,,4.0,150.0,44.0,,1.0,28.0,210.0,,,,76.0,51.0,,,,,,,,,,,,,,,,,,,,40.0,,,,,,,,,,,,,,,,32.0,,,,,,,24.0,,,,,,,,,,,,,,,,,,,,,,,,,,,,,,,,,,,18.0,,198.0,,,,,125,,44.0,,,,1.0,,,,,,36.0,4.0,,,,,,35.0,,70.0,,,,,123.0,,84.0,,,,6.0,,,,,,12.0,83.0,,,56.0,24.0,,,,,,
_250m_16_days_VI_Quality_2024057_aid0001,aid0001,2024-02-26 00:00:00+00:00,,,,,,,182350.0,,16.0,,,,,78652.0,,,,,,,4.0,,,,,,,,,,,,15.0,,,,,,,35.0,,,,,,,,,,,,,4.0,,,,,,,,,,,,,,,,,,,,,,,,,,,,,,,,,248,,48.0,,1.0,32869.0,,1457.0,,,,9.0,,,612,,72,,,,4.0,4.0,,,,,208.0,,,,4.0,,,36.0,250,,79,,,11.0,4854.0,,2067.0,30.0,,,1.0,,,267.0,,81.0,,,,13.0,8.0,3.0,,,47.0,213.0,,,,8.0,,,,,,,,,,,,,,,,,,,,,,,,,,,,,,,,4.0,,,,,8.0,,,,,,,,,,,,,,,,,,,,,,,,,,,,,,,,,,,,,,,,,,8.0,,52.0,,,,,34,,3.0,,,,1.0,,,,,,,4.0,,,,,,,,76.0,,,,,109.0,,12.0,,,,,,,,,,,,,,,,,,,,,
_250m_16_days_VI_Quality_2024073_aid0001,aid0001,2024-03-13 00:00:00+00:00,,84.0,,,,,7002.0,,,,,,,199945.0,,13450.0,,,,,17102.0,,5706.0,,,,,,,,,,116.0,,,,,,,2427.0,12.0,,,,,,832.0,56.0,140.0,89.0,,,56.0,24.0,,,,,,,92.0,240.0,,,2910.0,360.0,,,,,,,,,,,172.0,,,,446.0,650.0,,,,319,,156.0,,,30146.0,,9760.0,,,,,,,717,10.0,503,16.0,,,,92.0,69.0,,,878.0,164.0,,,134.0,17.0,,,75.0,580,,260,,,,3899.0,,1076.0,,,,,,,585.0,,565.0,,,,,124.0,212.0,,,31.0,38.0,,,,24.0,52.0,,,,,,,,,,,,,,,180.0,,,,,36.0,,,,,,,,,,,,,,,,508.0,,,,,,,356.0,20.0,18.0,34.0,,,,,,,,,,,20.0,,,,,,,,,,,16.0,,,,230.0,181.0,,,,,108.0,,,,,,,165,16.0,23.0,17.0,,,,,16.0,,,,20.0,4.0,,,,,,75.0,,3.0,,,,,361.0,4.0,27.0,8.0,,,,,,,,,,,,,24.0,8.0,,,,,,
_250m_16_days_VI_Quality_2024089_aid0001,aid0001,2024-03-29 00:00:00+00:00,,,,,,,37885.0,,,,,,,223885.0,,146.0,,,,,36.0,,36.0,,,,,,,,,,16.0,,,,,,,57.0,,,,,,,11.0,,1.0,,,,4.0,,,,,,,,,,,,,,,,,,,,,,,,,,,,,,,,,656,,68.0,,,31013.0,,2013.0,,,,,,,504,,142,,,,,47.0,,,,,,,,8.0,,,,,1244,,194,,,2.0,4095.0,,968.0,,,,,,,501.0,,171.0,,,,,132.0,4.0,,,44.0,,,,,,4.0,,,,,,,,,,,,,,,,,,,,,,,,,,,,,,,,,,,,,,,,,,,,,,,,,,,,,,,,,,,,,,,,,,,,,,,,,,,,,,3.0,,205.0,,,,,129,,20.0,,,,,,,,,,4.0,,,,,,,47.0,,72.0,,,,,401.0,,123.0,,,,,,,,,,,,,,,,,,,,,
_250m_16_days_VI_Quality_2024105_aid0001,aid0001,2024-04-14 00:00:00+00:00,80.0,4.0,,,,,127643.0,,,,,,,133943.0,,,,,,,36.0,,,,,,,,,,,,52.0,,,,,,,35.0,,2.0,,,,,,,,,,,,,,,,,,,,,,,,,,,,,,,,,,,,,,,,,,,,243,,19.0,,,32438.0,69.0,477.0,,,,4.0,,,762,4.0,13,,,,1.0,,,,,12.0,420.0,,,,,,,10.0,350,32.0,38,,,1.0,5339.0,35.0,568.0,19.0,,,12.0,,,648.0,8.0,42.0,,,,4.0,,,,,,840.0,,,,,,,,,,,,,,,,,,,,,,,,,1.0,,,,,,,,,,,,,,,,,,,,,,,,,,,,,,,,,,,,,,,,,,,,,,,,,,,,,,,,,,88.0,,26.0,4.0,,,3.0,81,,8.0,,,,,,,,,,8.0,,,,8.0,,,92.0,,126.0,,,,,115.0,,,4.0,,,,,,,,,,116.0,,,,8.0,,,,,,
_250m_16_days_VI_Quality_2024121_aid0001,aid0001,2024-04-30 00:00:00+00:00,465.0,4.0,,,,,236586.0,,,,,,,26261.0,,16.0,,,,,28.0,,,,,,,32.0,,,,,175.0,,,,,,,230.0,,,,,,,12.0,,,,,,,,,,,,,,,,,,,,,,,,,,,,,,,,,,,,,,272.0,294,,33.0,,,28093.0,,1757.0,4.0,,,3.0,,,1320,,101,20.0,,,27.0,88.0,,,,33.0,109.0,,,48.0,8.0,,,66.0,456,91.0,22,,,2.0,3901.0,,1947.0,,,,2.0,,,813.0,4.0,8.0,,,,4.0,103.0,23.0,,,90.0,4.0,,,,28.0,,,,,,,,,,,,,,,,,,,,,,,,,,,,,,,,,,,,,3.0,,,,,,,,,,,,,,,,,,,,,,,,,,,,,,,,,,,,,,,12.0,,,36.0,,371.0,20.0,,,,73,,24.0,4.0,,,,,,43.0,,,,20.0,,,44.0,12.0,,44.0,,330.0,,,,,140.0,4.0,52.0,4.0,,,,,,,,,,12.0,,,36.0,24.0,,,,,,
_250m_16_days_VI_Quality_2024137_aid0001,aid0001,2024-05-16 00:00:00+00:00,60.0,3174.0,,824.0,,2.0,22014.0,16.0,,,,,,66916.0,1156.0,4900.0,,,,,44433.0,537.0,1235.0,1204.0,,,,105.0,4.0,,,,3804.0,12.0,,4.0,,,,29652.0,488.0,72.0,64.0,,,,3311.0,950.0,168.0,319.0,,,988.0,250.0,,,,,,,21640.0,484.0,,,16513.0,1632.0,,,,,,,4.0,,,,2443.0,32.0,,,3875.0,180.0,,,12.0,4728,,639.0,,1.0,6426.0,512.0,2538.0,476.0,,,,,,5250,361.0,584,80.0,,,33.0,1454.0,516.0,,,3963.0,1665.0,,,1829.0,554.0,,,,2136,,360,,,13.0,1236.0,136.0,132.0,3.0,,,,,,1054.0,40.0,180.0,,,,10.0,649.0,620.0,,,368.0,100.0,,,,72.0,388.0,,,,,,,,,,576.0,,,,,3865.0,,,,,343.0,,28.0,268.0,,,,,,28.0,,1000.0,,,16.0,,17608.0,72.0,,92.0,,,1.0,2475.0,292.0,152.0,184.0,,,,,,,,48.0,,,152.0,312.0,,,,,,32.0,,,,398.0,,,,943.0,49.0,,,,,392.0,,32.0,64.0,,,,1259,101.0,45.0,104.0,,,3.0,,,156.0,,,325.0,110.0,,,,,,120.0,32.0,,12.0,,,,281.0,48.0,60.0,76.0,,,7.0,,,,,,,32.0,,,2.0,113.0,,,,,,
_250m_16_days_VI_Quality_2024153_aid0001,aid0001,2024-06-01 00:00:00+00:00,,4071.0,,709.0,,,84.0,,,,,,,51232.0,16.0,916.0,,,,,114681.0,,2362.0,10936.0,,,,,,,,,228.0,,,,,,,14159.0,52.0,196.0,32.0,,,,13611.0,295.0,621.0,660.0,,,1918.0,497.0,,,,,,,1708.0,1969.0,,,6257.0,11905.0,,,,,,,,,,,542.0,304.0,,,3737.0,1223.0,,,,2375,,1064.0,,,16591.0,385.0,867.0,1240.0,,,,,,1870,162.0,535,500.0,,,,977.0,577.0,,,2274.0,1086.0,,,587.0,317.0,,,72.0,989,,95,,,,3192.0,112.0,,,,,,,,730.0,84.0,,12.0,,,,543.0,53.0,,1.0,1394.0,,,,,367.0,,,,,,,,,,,28.0,,,,,957.0,,,,,1348.0,24.0,264.0,578.0,,,,,,,,60.0,,,,,2620.0,60.0,,,,,,6895.0,256.0,68.0,416.0,,,,,,,,141.0,,,447.0,156.0,,,,,,,,,,248.0,,,,2087.0,216.0,,,,,214.0,80.0,76.0,,,,,508,40.0,200.0,255.0,,,,,126.0,476.0,,,294.0,1142.0,,,,,,120.0,,,,,,,205.0,32.0,,8.0,,,,,,,12.0,,46.0,,,,216.0,,,,,,,
_250m_16_days_VI_Quality_2024169_aid0001,aid0001,2024-06-17 00:00:00+00:00,,87330.0,,36636.0,,5.0,368.0,,,,,,,1064.0,468.0,,1008.0,,,,380.0,792.0,208.0,448.0,,,,,225.0,,120.0,,80.0,36.0,,92.0,,,,572.0,3121.0,,5767.0,,,,368.0,5966.0,216.0,3675.0,,,19529.0,950.0,,1.0,1756.0,,,,4551.0,,,,3432.0,2677.0,,,,105.0,,,1050.0,,,,15920.0,,,1.0,6965.0,2647.0,,,,15057,,16251.0,,1.0,636.0,16.0,,,,,2.0,,,1216,32.0,8,149.0,,,16.0,3650.0,177.0,,7.0,28.0,,,,331.0,,,,,4781,,1076,,,8.0,25.0,,,,,,,,,137.0,16.0,,,,,,1138.0,20.0,,2.0,5.0,,,,,124.0,,,,,,,,,,,24.0,24.0,,,,140.0,185.0,,,,360.0,136.0,1082.0,260.0,,,,148.0,108.0,115.0,,,44.0,,8.0,,1305.0,3476.0,,2322.0,,,,1519.0,4486.0,562.0,4586.0,,4.0,,,75.0,,,1570.0,,,1456.0,632.0,,,32.0,,,364.0,,,,13989.0,,,,8559.0,1873.0,,,,,57.0,,,,,,2.0,911,121.0,,8.0,,,6.0,,45.0,,,1.0,335.0,,,,,,,96.0,,,,,,,326.0,,,,,,8.0,,,,,,12.0,,,,74.0,,,,,,,7.0
_250m_16_days_VI_Quality_2024185_aid0001,aid0001,2024-07-03 00:00:00+00:00,,42802.0,,17016.0,,50.0,1253.0,1376.0,,,,,28.0,11542.0,1747.0,,880.0,,,1435.0,838.0,817.0,221.0,8546.0,,,181.0,,679.0,,287.0,,208.0,1020.0,,,,,,1461.0,10439.0,136.0,3059.0,,,77.0,520.0,8665.0,134.0,12220.0,,44.0,13741.0,850.0,,164.0,13771.0,,,2.0,8318.0,442.0,,20.0,790.0,7930.0,,121.0,44.0,1.0,,20.0,5463.0,,,,20713.0,518.0,,53.0,3671.0,2408.0,,13.0,,14081,,7738.0,,142.0,3915.0,,40.0,,,,207.0,,,1064,171.0,640,239.0,,,29.0,3166.0,1609.0,,35.0,292.0,107.0,,9.0,138.0,280.0,,,975.0,2854,,1110,,,442.0,383.0,,,,,,37.0,,,245.0,,27.0,,,,60.0,1293.0,360.0,,28.0,41.0,,,3.0,,4.0,,,,,,,,34.0,,140.0,108.0,56.0,,,,246.0,100.0,,28.0,78.0,69.0,512.0,65.0,1237.0,,33.0,,246.0,,853.0,5.0,88.0,92.0,,,,1103.0,4769.0,,844.0,,,103.0,247.0,6755.0,176.0,10892.0,,98.0,24.0,,981.0,,,810.0,260.0,,323.0,1370.0,,175.0,19.0,12.0,,2709.0,,,,12892.0,125.0,,43.0,3514.0,2588.0,49.0,,,,16.0,,36.0,20.0,,,,240,68.0,155.0,100.0,,,8.0,,,304.0,,,163.0,304.0,,3.0,,,,,,44.0,,,,,41.0,,8.0,,,,,,,4.0,,,,,,,,,,,,,,
_250m_16_days_VI_Quality_2024201_aid0001,aid0001,2024-07-19 00:00:00+00:00,,57823.0,,30931.0,,50.0,3466.0,10158.0,264.0,1053.0,,,202.0,3134.0,4239.0,978.0,2286.0,,,284.0,16.0,128.0,119.0,824.0,,,37.0,,352.0,,455.0,,880.0,12314.0,164.0,6482.0,,,28.0,953.0,23944.0,522.0,10154.0,,,169.0,16.0,4779.0,46.0,3544.0,,10.0,7202.0,997.0,,26.0,6799.0,300.0,,24.0,4514.0,2093.0,,81.0,263.0,300.0,,1.0,49.0,,,,6083.0,392.0,,21.0,8735.0,2546.0,,41.0,878.0,520.0,,,28.0,13843,29.0,6135.0,,54.0,2414.0,177.0,462.0,1.0,,,70.0,,,3977,551.0,640,19.0,,,105.0,3255.0,1254.0,,58.0,565.0,120.0,,29.0,1135.0,77.0,,32.0,38.0,2639,,1562,,,108.0,310.0,,,,,,6.0,,,538.0,12.0,142.0,,,,69.0,1404.0,585.0,,43.0,84.0,,,6.0,,169.0,107.0,,8.0,,,,,4.0,,,239.0,88.0,,,25.0,112.0,149.0,12.0,120.0,13.0,,86.0,3.0,56.0,,19.0,,133.0,,457.0,,427.0,1480.0,,1284.0,54.0,754.0,5188.0,120.0,2056.0,,,34.0,16.0,3787.0,208.0,8365.0,,35.0,,,359.0,24.0,1.0,243.0,432.0,1.0,128.0,272.0,,,6.0,25.0,,1844.0,60.0,,,4252.0,618.0,,34.0,1983.0,1194.0,38.0,,,,230.0,,89.0,,,,32.0,584,208.0,163.0,94.0,,,76.0,,38.0,20.0,,,375.0,102.0,,21.0,8.0,,4.0,84.0,,24.0,,,,12.0,124.0,16.0,79.0,,,,5.0,,,,,,,,,,98.0,33.0,,5.0,,,,
_250m_16_days_VI_Quality_2024217_aid0001,aid0001,2024-08-04 00:00:00+00:00,,53900.0,,43002.0,,16.0,129.0,,,,,,,1830.0,104.0,56.0,1353.0,,,9.0,127.0,772.0,,413.0,,,9.0,,1341.0,,802.0,,32.0,,,84.0,,,,855.0,2823.0,40.0,8166.0,,,22.0,310.0,8235.0,123.0,12768.0,,21.0,6710.0,12589.0,,13.0,50.0,,,,1961.0,2980.0,,12.0,9119.0,494.0,,3.0,53.0,,,,,,,,2256.0,9510.0,,22.0,4314.0,11614.0,,28.0,,11365,,16911.0,,95.0,,,557.0,,,,19.0,,,191,95.0,2340,227.0,,,43.0,2195.0,4827.0,,56.0,16.0,408.0,,52.0,83.0,484.0,,,,3273,4.0,1673,,,60.0,,,,,,,,,,8.0,12.0,375.0,2.0,,,10.0,949.0,575.0,,13.0,,,,,,,28.0,,,,,,,24.0,,,,,,,,497.0,48.0,,172.0,,380.0,626.0,40.0,472.0,,1.0,,1117.0,,589.0,,69.0,,,56.0,,1317.0,1908.0,165.0,2727.0,,,1.0,1542.0,10193.0,288.0,10819.0,,3.0,,4.0,,,,664.0,361.0,8.0,2178.0,122.0,,5.0,194.0,32.0,,,,,,4544.0,1314.0,,8.0,8556.0,5989.0,6.0,,,,,,,,,,,60,61.0,460.0,113.0,,,,,,,,,55.0,372.0,,12.0,,,,,,,,,,,26.0,149.0,329.0,22.0,,,11.0,,,,,,,,,,60.0,106.0,,,,,,
_250m_16_days_VI_Quality_2024233_aid0001,aid0001,2024-08-20 00:00:00+00:00,,34808.0,,20953.0,,6.0,306.0,28.0,101.0,169.0,,,11.0,29470.0,741.0,240.0,1839.0,,,50.0,3252.0,380.0,,144.0,,,,,319.0,,527.0,,109.0,14.0,99.0,182.0,,,9.0,4115.0,3882.0,1533.0,5129.0,,,8.0,823.0,4030.0,152.0,4118.0,,8.0,12837.0,13728.0,,18.0,209.0,934.0,,,12586.0,8633.0,,23.0,8201.0,1260.0,,4.0,89.0,260.0,,,144.0,234.0,,2.0,10203.0,11521.0,,26.0,8594.0,8881.0,,8.0,,10922,36.0,6999.0,,40.0,2350.0,,2621.0,,,,37.0,,,2429,79.0,2679,24.0,,,46.0,2398.0,1909.0,,21.0,116.0,142.0,,2.0,294.0,111.0,,17.0,50.0,3462,28.0,464,,,49.0,96.0,,653.0,,,,20.0,,,243.0,4.0,68.0,,,,,1675.0,407.0,,13.0,,69.0,,7.0,,48.0,33.0,,7.0,,,,,,,4.0,283.0,,,,,1697.0,68.0,,20.0,28.0,658.0,68.0,152.0,24.0,,,16.0,408.0,32.0,270.0,,707.0,16.0,,8.0,,2846.0,1601.0,173.0,532.0,,,44.0,1347.0,3770.0,401.0,2658.0,,16.0,32.0,172.0,52.0,,,1307.0,1274.0,26.0,1168.0,728.0,,,157.0,316.0,,270.0,24.0,,,6921.0,2266.0,,29.0,7562.0,4271.0,10.0,,20.0,,526.0,,140.0,,,,10.0,1307,48.0,570.0,14.0,,,37.0,,32.0,8.0,,,191.0,299.0,,6.0,,3.0,5.0,116.0,,,,,,,202.0,59.0,79.0,,,,11.0,,,,,,10.0,,,,71.0,70.0,,7.0,,,,
_250m_16_days_VI_Quality_2024249_aid0001,aid0001,2024-09-05 00:00:00+00:00,,5536.0,,2412.0,,8.0,98608.0,,512.0,673.0,,,166.0,25951.0,32.0,26904.0,436.0,,,63.0,2242.0,,1386.0,144.0,,,,12.0,8.0,,4.0,,6806.0,16.0,48.0,68.0,,,32.0,15742.0,453.0,11259.0,227.0,,,5.0,3941.0,325.0,2672.0,147.0,,,1912.0,916.0,,,2139.0,2009.0,,10.0,2042.0,3919.0,,9.0,408.0,352.0,,,4.0,12.0,,,777.0,4.0,,,4924.0,3154.0,,21.0,1238.0,767.0,,2.0,,4022,,2191.0,,128.0,15278.0,,2917.0,,,,303.0,,,3303,28.0,1853,24.0,,,172.0,951.0,494.0,,51.0,159.0,323.0,,11.0,224.0,120.0,,26.0,18.0,936,,290,,,270.0,1829.0,,567.0,,,,123.0,,,552.0,,233.0,,,,114.0,452.0,240.0,,56.0,61.0,273.0,,24.0,,67.0,172.0,,32.0,,,,,,,,4334.0,,,,2.0,1628.0,4.0,92.0,24.0,,365.0,,116.0,36.0,,1.0,,12.0,,42.0,,2512.0,,73.0,,23.0,7015.0,253.0,1091.0,72.0,,,26.0,2533.0,405.0,1251.0,180.0,,1.0,,,112.0,14.0,6.0,140.0,28.0,4.0,75.0,216.0,,5.0,,13.0,,176.0,16.0,,8.0,2683.0,745.0,,59.0,982.0,348.0,,,,,843.0,,224.0,,,,104.0,2307,77.0,728.0,8.0,,,230.0,,42.0,,,,286.0,153.0,,12.0,29.0,,15.0,135.0,,,,,,9.0,659.0,11.0,289.0,16.0,,,241.0,,,,,,,,,,153.0,221.0,,34.0,,,,
_250m_16_days_VI_Quality_2024265_aid0001,aid0001,2024-09-21 00:00:00+00:00,,41696.0,,11312.0,,24.0,1647.0,,,,,,1.0,62604.0,,28.0,780.0,,,37.0,7836.0,28.0,172.0,,,,,32.0,212.0,28.0,740.0,,86.0,,,24.0,,,,43003.0,120.0,100.0,1923.0,,,5.0,10519.0,826.0,948.0,710.0,,1.0,16175.0,1362.0,,6.0,11.0,,,1.0,330.0,340.0,,,625.0,224.0,,,204.0,76.0,,,,,,,3360.0,254.0,,,4692.0,1113.0,,1.0,,8955,72.0,2963.0,,23.0,8966.0,,80.0,,,,161.0,,,3263,4.0,300,,,,62.0,2380.0,304.0,,14.0,12.0,,,,167.0,,,3.0,,3068,,530,,,37.0,1218.0,,,,,,51.0,,,754.0,16.0,,,,,85.0,1000.0,59.0,,10.0,18.0,,,2.0,,78.0,,,3.0,,,,24.0,,40.0,,59.0,,,,9.0,5463.0,,,,25.0,2217.0,20.0,52.0,,,,8.0,337.0,92.0,180.0,,171.0,,20.0,,,19096.0,104.0,,392.0,,,20.0,8653.0,1265.0,724.0,408.0,,2.0,,,,,,548.0,,,788.0,52.0,,,421.0,93.0,,4.0,4.0,,,2598.0,136.0,,3.0,5846.0,1087.0,15.0,,,,1177.0,,,,,,30.0,1769,84.0,152.0,115.0,,,72.0,,100.0,,,,333.0,4.0,,,,,,255.0,,,,,,1.0,825.0,,,,,,44.0,,,,,,,,,,80.0,,,,,,,
_250m_16_days_VI_Quality_2024281_aid0001,aid0001,2024-10-07 00:00:00+00:00,,1520.0,,1227.0,,7.0,,,,,,,,1475.0,,,,,,,78722.0,3052.0,49346.0,1806.0,,,49.0,8.0,16.0,,2.0,,,,,,,,,164.0,,,,,,,12487.0,2461.0,1682.0,1438.0,,4.0,935.0,786.0,,1.0,,,,,4.0,,,,34408.0,15131.0,,40.0,8.0,,,,,,,,28.0,,,,11513.0,2465.0,,12.0,,2012,,1775.0,,5.0,7279.0,232.0,6406.0,365.0,,,4.0,,,1757,243.0,3304,148.0,,,20.0,1990.0,1088.0,,1.0,2868.0,2186.0,,1.0,1875.0,1502.0,,11.0,,929,,588,,,8.0,602.0,,588.0,,,,,,,396.0,36.0,266.0,16.0,,,6.0,848.0,480.0,,,171.0,404.0,,,,138.0,291.0,,,,,,,,,,724.0,,11.0,,,494.0,,7.0,,,3774.0,735.0,3806.0,724.0,,6.0,,9.0,,4.0,,499.0,,36.0,,1.0,570.0,,72.0,,,,,4566.0,3483.0,1215.0,1930.0,,12.0,,,,,,,,,2237.0,639.0,,26.0,,,,,,,,,,,,5668.0,861.0,5.0,,,,601.0,126.0,1386.0,365.0,,,,1455,497.0,1114.0,767.0,,,7.0,,307.0,223.0,,,1695.0,852.0,,1.0,,,,47.0,,72.0,,,,,250.0,77.0,188.0,171.0,,,,6.0,8.0,,,,36.0,52.0,,,431.0,389.0,,,6.0,,,
_250m_16_days_VI_Quality_2024297_aid0001,aid0001,2024-10-23 00:00:00+00:00,,1007.0,,279.0,,2.0,2689.0,,,,,,,81705.0,,150.0,,,,86.0,79867.0,158.0,13787.0,334.0,,,,,,,,,52.0,,,,,,,7497.0,16.0,,,,,,11120.0,181.0,456.0,62.0,,,647.0,173.0,,,56.0,,,,827.0,,,1.0,14041.0,6153.0,,1.0,,,,,,,,,1491.0,,,1.0,8513.0,248.0,,,,1021,,181.0,,21.0,16266.0,,4443.0,8.0,,,143.0,,,3129,,303,65.0,,,87.0,573.0,295.0,,19.0,2374.0,1290.0,,24.0,858.0,221.0,,18.0,,409,,81,,,443.0,2661.0,,125.0,,,,42.0,,,980.0,,8.0,,,,29.0,467.0,78.0,,51.0,388.0,141.0,,,,227.0,24.0,,18.0,,,,,,,,,,,,,595.0,,4.0,,,4445.0,,5605.0,169.0,,,,,,,,8.0,,8.0,,,1888.0,8.0,52.0,,,,,5787.0,66.0,463.0,133.0,,,,,,,,,,,2461.0,618.0,,,,,,,,,,650.0,,,,4863.0,166.0,1.0,,,,1443.0,,231.0,,,,53.0,1792,12.0,270.0,16.0,,,109.0,,378.0,48.0,,,1194.0,206.0,,19.0,,,20.0,505.0,,,,,,10.0,771.0,,44.0,53.0,,,73.0,,,,,,1.0,17.0,,3.0,461.0,45.0,,14.0,2.0,,,
_250m_16_days_VI_Quality_2024313_aid0001,aid0001,2024-11-08 00:00:00+00:00,16.0,620.0,,28.0,28.0,,121536.0,,32.0,,136.0,,32.0,58385.0,,3740.0,,1134.0,,38.0,27001.0,,2611.0,,44.0,,,8.0,,,,,4757.0,4.0,,,4.0,,8.0,2102.0,4.0,16.0,,,16.0,,196.0,,32.0,,,,427.0,12.0,118.0,,7669.0,,340.0,,1537.0,76.0,1248.0,7.0,10372.0,380.0,4837.0,1.0,4.0,,,,648.0,,76.0,,526.0,,324.0,,152.0,,4.0,,,463,,33.0,36.0,55.0,26017.0,,1636.0,10.0,389.0,,360.0,,,1586,,136,,44.0,,98.0,198.0,61.0,22.0,28.0,3179.0,120.0,1392.0,28.0,209.0,28.0,104.0,14.0,17.0,627,,17,,53.0,211.0,3223.0,,44.0,,196.0,,212.0,,,725.0,,49.0,2.0,14.0,,129.0,69.0,91.0,42.0,29.0,200.0,54.0,456.0,,,37.0,52.0,58.0,14.0,,,,,,,,2048.0,,,,,498.0,,88.0,,18.0,292.0,,228.0,,12.0,,20.0,,,,,1418.0,,,,,1776.0,,40.0,,16.0,4.0,,105.0,,12.0,,,,,,140.0,,,,,,541.0,,8.0,,,,4.0,280.0,,44.0,,226.0,,80.0,,64.0,,,,,,539.0,,4.0,,,,60.0,475,,121.0,,4.0,,135.0,,42.0,,25.0,17.0,145.0,12.0,44.0,26.0,,,,225.0,,,,,,24.0,400.0,,4.0,,28.0,42.0,144.0,,,,,,,,52.0,,62.0,29.0,78.0,39.0,,,,
_250m_16_days_VI_Quality_2024329_aid0001,aid0001,2024-11-24 00:00:00+00:00,40.0,20.0,,,,,244952.0,,,,188.0,,12.0,15041.0,,,,48.0,,,893.0,,36.0,,,,,,,,,,229.0,,,,,,1.0,135.0,,,,,,,4.0,,,,,,32.0,,,,70.0,,8.0,6.0,64.0,,20.0,,118.0,,,,,,,,,,,,,,24.0,,8.0,,,,8.0,315,,118.0,39.0,19.0,25700.0,,1004.0,,575.0,28.0,145.0,169.0,,1149,,39,,54.0,,33.0,447.0,26.0,131.0,10.0,2858.0,48.0,573.0,12.0,277.0,31.0,64.0,11.0,99.0,381,,62,,174.0,99.0,2872.0,,169.0,,212.0,36.0,132.0,,,447.0,,59.0,,41.0,20.0,59.0,438.0,47.0,284.0,24.0,337.0,27.0,442.0,28.0,,279.0,26.0,89.0,7.0,,,,,,,,4.0,,,,,8.0,,,,,,,,,,,,,,,,,,,,,12.0,,,,,,,,,,,,,,,,,,,,,,,,,,,,,,,,,,,,12.0,,,,,,90.0,,51.0,,,,2.0,203,,46.0,,16.0,16.0,40.0,,28.0,35.0,,,393.0,56.0,54.0,5.0,16.0,,,64.0,,62.0,,,,1.0,315.0,3.0,34.0,,5.0,16.0,46.0,,,,,,56.0,,4.0,,373.0,76.0,20.0,7.0,,,,
_250m_16_days_VI_Quality_2024345_aid0001,aid0001,2024-12-10 00:00:00+00:00,232.0,28.0,,,,,114515.0,,,,,,,139084.0,,44.0,,60.0,,6.0,1715.0,,204.0,,8.0,,,4.0,,,,,359.0,,,,,,,244.0,,,,,,,,,,,,,,,,,108.0,,,,312.0,,24.0,,116.0,,72.0,,,,,,,,,,8.0,,,,3.0,,,,162.0,180,,50.0,20.0,23.0,33128.0,23.0,589.0,,1260.0,401.0,89.0,4.0,,986,4.0,86,,10.0,68.0,58.0,101.0,6.0,15.0,3.0,1022.0,12.0,918.0,,127.0,12.0,47.0,2.0,23.0,333,,37,164.0,116.0,39.0,3267.0,12.0,141.0,,287.0,432.0,128.0,,,678.0,,33.0,,24.0,72.0,37.0,182.0,14.0,148.0,21.0,400.0,,561.0,7.0,,158.0,,35.0,24.0,,,,,,,,,,,,,,,,,,28.0,,,,,,,,,,,,,,,,17.0,,,,,,,,,,,,,,,,,,,,,,,,,,,,,,,,4.0,,,,,,,,,,8.0,,16.0,,28.0,24.0,,125,3.0,22.0,,,36.0,27.0,,12.0,,31.0,,39.0,,10.0,10.0,,,,16.0,,,,16.0,32.0,,173.0,4.0,17.0,4.0,,29.0,30.0,,,,,,8.0,,16.0,,146.0,4.0,24.0,7.0,,,,
_250m_16_days_VI_Quality_2024361_aid0001,aid0001,2024-12-26 00:00:00+00:00,,306.0,,92.0,56.0,,1092.0,,,,,4.0,,140441.0,8.0,56.0,,455.0,36.0,,74762.0,680.0,358.0,4.0,8.0,20.0,,68.0,16.0,28.0,,20.0,491.0,12.0,28.0,,,4.0,,2531.0,12.0,72.0,,8.0,248.0,,172.0,172.0,80.0,20.0,20.0,,132.0,,84.0,,184.0,,,,8028.0,,6927.0,,7977.0,24.0,4.0,,12.0,,16.0,,44.0,,,,180.0,,44.0,,46.0,8.0,,,,468,,110.0,101.0,22.0,29365.0,173.0,6421.0,561.0,772.0,1197.0,56.0,,,1057,28.0,208,,,8.0,34.0,253.0,43.0,68.0,18.0,2499.0,2218.0,3260.0,7.0,134.0,37.0,81.0,13.0,,597,,86,,226.0,82.0,2862.0,68.0,549.0,4.0,79.0,134.0,29.0,,,447.0,4.0,289.0,,,,79.0,293.0,56.0,87.0,18.0,517.0,47.0,276.0,9.0,,119.0,69.0,34.0,28.0,,,,,,,,36.0,,,,,56.0,,,,,84.0,,,,,,,,,,,55.0,,,,,304.0,4.0,,,,,,88.0,44.0,,,4.0,,,,,,,,,,,,,,,,,,,,,40.0,,8.0,,112.0,,,,,,212.0,,66.0,,,40.0,2.0,182,56.0,99.0,,,44.0,8.0,,,4.0,,,81.0,5.0,24.0,25.0,,,,111.0,,90.0,,,,18.0,235.0,24.0,119.0,,,8.0,16.0,,,,,,5.0,,,,133.0,22.0,16.0,21.0,,,,
_250m_16_days_VI_Quality_2025009_aid0001,aid0001,2025-01-09 00:00:00+00:00,,736.0,,12.0,12.0,,124.0,,,,,,,46033.0,412.0,404.0,,140.0,12.0,,154905.0,3918.0,1068.0,36.0,,,,,,,,,72.0,,,,,,,2087.0,12.0,88.0,,,,,1556.0,8.0,235.0,,,,124.0,8.0,4.0,,,,,,11038.0,,16.0,,26735.0,64.0,32.0,,,,,,,,,,340.0,,,,616.0,8.0,8.0,,,409,,41.0,,4.0,30519.0,699.0,3595.0,823.0,36.0,,10.0,,,1401,23.0,98,50.0,,,9.0,209.0,52.0,16.0,,4670.0,820.0,48.0,,278.0,67.0,136.0,3.0,,284,,123,,4.0,4.0,2794.0,198.0,166.0,295.0,,,7.0,,,809.0,8.0,39.0,200.0,8.0,,33.0,365.0,62.0,40.0,11.0,1310.0,92.0,,,,189.0,180.0,,,,,,,,,,2.0,,,,,16.0,,4.0,,,56.0,20.0,4.0,,,,,,,,,84.0,,,,,435.0,,36.0,,,,,216.0,,40.0,,12.0,,,,,,,4.0,,,80.0,,,,,,,,,,,76.0,,,,64.0,4.0,,,,,234.0,8.0,44.0,20.0,,,,266,4.0,40.0,4.0,,,9.0,,25.0,,,,199.0,67.0,90.0,4.0,,,,33.0,10.0,51.0,78.0,,,2.0,115.0,4.0,24.0,62.0,,,1.0,,,,,,72.0,32.0,,,104.0,36.0,,,,,,
_250m_16_days_VI_Quality_2025025_aid0001,aid0001,2025-01-25 00:00:00+00:00,448.0,335.0,,4.0,,,56607.0,,,,,,,180564.0,,,,,,,1682.0,160.0,144.0,68.0,,,,91.0,,,,,232.0,,,,,,,792.0,,,,,,,356.0,68.0,21.0,,,,,,,,2429.0,,,,6356.0,,,,4997.0,468.0,,,,,,,,,,,8.0,,,,48.0,20.0,,,179.0,207,,36.0,,,25803.0,115.0,1002.0,1084.0,,,,,,1039,4.0,159,155.0,,,1.0,239.0,160.0,,,6418.0,2965.0,,,300.0,270.0,,,,154,,92,,,3.0,2624.0,40.0,370.0,405.0,,,5.0,,,391.0,,24.0,62.0,,,5.0,250.0,148.0,,,1524.0,1204.0,,,,195.0,76.0,,,,,,,,,,,,,,,64.0,,,,,24.0,,20.0,,,,10.0,,,,,,,,,,128.0,,,,,,,88.0,,,4.0,,,,,,,,,,,16.0,4.0,,,,,,,,,,,,,,27.0,,,,,,32.0,,31.0,4.0,,,,99,,15.0,8.0,,,,,37.0,46.0,,,132.0,60.0,,,,,,36.0,,48.0,,,,,106.0,24.0,29.0,12.0,,,,,,,,,44.0,8.0,,,105.0,24.0,,,,,,
_250m_16_days_VI_Quality_2025041_aid0001,aid0001,2025-02-10 00:00:00+00:00,,4.0,,,,,59792.0,,,,,,,199683.0,,,,,,,237.0,,19.0,,,,,,,,,,175.0,,,,,,,360.0,,,,,,,44.0,,,,,,,,,,,,,,,,,,,,,,,,,,,,,,,,,,,,,,32.0,91,,31.0,,2.0,32930.0,,1980.0,56.0,,,,,,548,,81,,,,4.0,8.0,33.0,,,116.0,182.0,,,12.0,37.0,,,8.0,143,,23,,,2.0,5188.0,,1198.0,64.0,,,,,,502.0,,56.0,12.0,,,2.0,39.0,12.0,,,136.0,425.0,,,,56.0,25.0,,,,,,,,,,4.0,,,,,,,,,,,,,,,,15.0,,,,,8.0,,,,,72.0,,,,,,,20.0,,,,,,,,,,,,,,,,,,,,,,,,,,,,,,,,,,,115.0,,28.0,,,,1.0,20,,18.0,,,,,,,4.0,,,12.0,4.0,,,,,,52.0,,10.0,4.0,,,,44.0,,64.0,,,,,,,,,,4.0,28.0,,,12.0,4.0,,,,,,
_250m_16_days_VI_Quality_2025057_aid0001,aid0001,2025-02-26 00:00:00+00:00,184.0,,,,,,198862.0,,,,,,,60284.0,,24.0,,,,,76.0,,,,,,,,,,,,23.0,,,,,,,4.0,,,,,,,,,,,,,,,,,,,,,,,,,,,,,,,,,,,,,,,,,,,,,72.0,113,,4.0,,,34821.0,,1287.0,,,,2.0,,,340,,49,,,,,20.0,14.0,,,53.0,297.0,,,25.0,24.0,,,,170,36.0,43,,,7.0,5525.0,,843.0,4.0,,,,,,318.0,,72.0,4.0,,,,26.0,148.0,,,139.0,444.0,,,,28.0,36.0,,,,,,,,,,,,,,,,,,,,4.0,,,,,,,,,,,,,,,,,,,,,,,,,,,,,,,,,,,,,,,,,,,,,,,,,,,,,,,,,,64.0,,24.0,,,,,31,,,,,,,,,77.0,,,,,,,,,,64.0,,12.0,,,,,107.0,,20.0,,,,3.0,,,,,8.0,,32.0,,,24.0,,,,,,,
_250m_16_days_VI_Quality_2025073_aid0001,aid0001,2025-03-14 00:00:00+00:00,,,,,,,236898.0,,,,,,,23525.0,,56.0,,,,,24.0,,48.0,,,,,,,,,,12.0,,,,,,,32.0,,,,,,,,,,,,,,,,,,,,,4.0,,,,,,,,,,,,,,,,,,,,,,,,,103,,8.0,,1.0,33322.0,,1829.0,,,,10.0,,,283,,8,,,,2.0,,1.0,,,8.0,59.0,,,12.0,8.0,,,7.0,214,92.0,36,,,28.0,5547.0,,1435.0,,,,1.0,,,387.0,,71.0,,,,15.0,,20.0,,,,246.0,,,,,12.0,,,,,,,,,,,,,,,,,,,,,,,,,,,,,,,,,,,,,,,,,,,,,,,,,,,,,,,,,,,,,,,,,,,,,,,,,,,,,,12.0,,59.0,,,,,32,,5.0,,,,3.0,,,,,,8.0,,,,,30.0,,4.0,,225.0,,,,,122.0,,21.0,,,,6.0,,,,,,,,,,,,,,,,,
_250m_16_days_VI_Quality_2025089_aid0001,aid0001,2025-03-30 00:00:00+00:00,,,,,,,1370.0,,,,,,,239864.0,,2387.0,,,,,3382.0,,,,,,,,,,,,,,,,,,,38.0,,,,,,,4.0,,8.0,,,,,,,,,,,,,,,,,,,,,,,,,,,,,,,,,,,,,64,,13.0,,,33518.0,,15407.0,,,,,,,617,,36,,,,4.0,,10.0,,,,39.0,,,,,,,4.0,270,223.0,21,,,,5103.0,,1066.0,,,,,,,580.0,,85.0,3.0,,,4.0,12.0,36.0,,,,92.0,,,,,,,,,,,,,,,,,,,,,,,,,,,,,,,,,,,,,,,,,,,,,,,,,,,,,,,,,,,,,,,,,,,,,,,,,,,,,,,,,,,75.0,,49.0,,,,,56,,21.0,,,,,,,20.0,,,8.0,4.0,,,,,,173.0,,73.0,,,,,81.0,,43.0,,,,4.0,,,,,,,,,,,24.0,,,,,,
_250m_16_days_VI_Quality_2025105_aid0001,aid0001,2025-04-15 00:00:00+00:00,36.0,59.0,,,,,100100.0,,,,,,,156962.0,,16.0,,,,,400.0,,40.0,,,,,,,,,,37.0,,,,,,,1242.0,,,,,,,296.0,,8.0,,,,32.0,4.0,,,,,,,24.0,,,,172.0,32.0,,,,,,,,,,,12.0,4.0,,,127.0,,,,72.0,819,,174.0,,,30993.0,100.0,1528.0,,,,,,,1568,76.0,147,4.0,,,,227.0,56.0,,,319.0,,,,128.0,,,,4.0,1221,14.0,168,,,,3776.0,146.0,120.0,1.0,,,,,,890.0,87.0,59.0,,,,,371.0,119.0,,,197.0,,,,,219.0,4.0,,,,,,,,,,,,,,,4.0,,,,,,,,,,,,,,,,,,,,,72.0,,,,,,,67.0,,,,,,,,,,,,,,,,,,,,,,,,,4.0,,,,1.0,,,,,,160.0,,8.0,,,,,292,32.0,4.0,,,,,,12.0,,,,108.0,,,,16.0,,,112.0,,,,,,,408.0,64.0,4.0,,,,,,,,,,16.0,,,,297.0,,,,,,,
_250m_16_days_VI_Quality_2025121_aid0001,aid0001,2025-05-01 00:00:00+00:00,,212.0,,12.0,,,4828.0,,8.0,,,,,143354.0,16.0,5784.0,,,,,89253.0,4.0,2773.0,,,,,,,,,,180.0,,,,,,,1310.0,,103.0,,,,,452.0,,44.0,,,,20.0,,,,,,,,60.0,52.0,,,444.0,40.0,,,,,,,,,,,52.0,4.0,,,36.0,16.0,,,,473,,124.0,,,32071.0,8.0,9692.0,47.0,,,6.0,,,1575,47.0,472,8.0,,,3.0,110.0,108.0,,,173.0,207.0,,,84.0,202.0,,,,512,,227,,,,4223.0,,660.0,,,,,,,991.0,11.0,171.0,9.0,,,5.0,134.0,234.0,,,98.0,124.0,,,,36.0,108.0,,,,,,,,,,44.0,,,,,136.0,,,,,52.0,,4.0,,,,,,,,,44.0,,,,,322.0,,,,,,,265.0,8.0,32.0,8.0,,,,,,,,,,,,20.0,,,,,,,,,,,,,,12.0,48.0,,,,,262.0,4.0,88.0,,,,,480,,157.0,133.0,,,,,20.0,20.0,,,13.0,52.0,,,,20.0,,133.0,1.0,8.0,,,,3.0,312.0,3.0,104.0,,,,,,,,,32.0,,4.0,,,15.0,22.0,,,,,,
_250m_16_days_VI_Quality_2025137_aid0001,aid0001,2025-05-17 00:00:00+00:00,,51615.0,,10694.0,,1.0,52.0,1300.0,,,,,,871.0,780.0,,240.0,,,,17259.0,32.0,2653.0,1656.0,,,,,100.0,,324.0,,,520.0,,,,,,3104.0,2608.0,136.0,644.0,,,,9998.0,4035.0,488.0,2518.0,,,18152.0,4654.0,,,945.0,,,,633.0,3479.0,,,3319.0,13741.0,,,28.0,100.0,,,364.0,,,,2592.0,1341.0,,,11818.0,12225.0,,,,16320,,4240.0,,3.0,846.0,,,264.0,,,,,,603,128.0,84,128.0,,,,7866.0,2320.0,,1.0,345.0,168.0,,,196.0,312.0,,,,4519,,965,,,10.0,28.0,,,76.0,,,,,,135.0,,,112.0,,,,1547.0,229.0,,8.0,29.0,,,,,110.0,,,,,,,,,,,,456.0,,,,432.0,784.0,,,,2104.0,16.0,,,,,,348.0,,267.0,,72.0,536.0,,,,4410.0,4544.0,,144.0,,,,11630.0,9413.0,16.0,2468.0,,,8.0,,976.0,,,1174.0,164.0,,1680.0,220.0,,,219.0,213.0,,244.0,,,,8662.0,408.0,,,22383.0,1939.0,,,,,44.0,,,,,,,894,67.0,144.0,183.0,,,1.0,,,,,,481.0,98.0,,,,,,,,,,,,,306.0,,,,,,,,,,,,,,,,132.0,,,,,,,
_250m_16_days_VI_Quality_2025153_aid0001,aid0001,2025-06-02 00:00:00+00:00,,4616.0,,1976.0,,,13622.0,,17.0,,,,,59356.0,,1535.0,116.0,,,2.0,57468.0,329.0,9353.0,380.0,,,,,8.0,,,,72.0,,,,,,,14429.0,171.0,761.0,196.0,,,10.0,15758.0,581.0,1679.0,1150.0,,,2724.0,1232.0,,,44.0,,,,3536.0,1584.0,,,7632.0,6888.0,,,,,,,87.0,,,,7254.0,889.0,,,5763.0,2866.0,,,,2706,,821.0,,3.0,10314.0,,5575.0,56.0,,,30.0,,,5143,12.0,1099,65.0,,,22.0,1069.0,549.0,,,1485.0,2330.0,,,831.0,1135.0,,,,724,,325,,,8.0,2759.0,,253.0,,,,21.0,,,1090.0,7.0,209.0,12.0,,,34.0,330.0,415.0,,1.0,311.0,164.0,,,,201.0,131.0,,9.0,,,,,,,,44.0,,,,,1632.0,,116.0,72.0,,5793.0,60.0,809.0,76.0,,,,8.0,,13.0,,16.0,,,,,8062.0,28.0,384.0,92.0,,,,8251.0,375.0,440.0,947.0,,,,15.0,4.0,,,441.0,128.0,,1658.0,383.0,,,,,,,,,,1278.0,364.0,,,2314.0,1300.0,,,,,684.0,36.0,228.0,,,,,1755,1.0,326.0,16.0,,,,,171.0,250.0,,,160.0,735.0,,,,,,239.0,,36.0,,,,1.0,209.0,28.0,40.0,16.0,,,8.0,,,,,,48.0,188.0,,,144.0,136.0,,,,,,
_250m_16_days_VI_Quality_2025169_aid0001,aid0001,2025-06-18 00:00:00+00:00,,42643.0,,26515.0,,2.0,852.0,,,878.0,,,4.0,7752.0,,240.0,3482.0,,,14.0,312.0,,100.0,152.0,,,,12.0,133.0,8.0,276.0,,840.0,8.0,,549.0,,,,10077.0,1032.0,72.0,11616.0,,,4.0,1098.0,1301.0,52.0,3557.0,,1.0,21812.0,5405.0,,,612.0,7952.0,,,2503.0,6519.0,,,148.0,714.0,,,44.0,16.0,,,2875.0,1316.0,,,13583.0,5892.0,,,3235.0,1530.0,,,,12049,,13777.0,,7.0,227.0,,1492.0,,,,13.0,,,657,32.0,1007,36.0,,,15.0,3554.0,2964.0,,13.0,,,,,112.0,111.0,,,10.0,4093,,1993,,,19.0,,,48.0,,,,,,,109.0,,,,,,14.0,879.0,639.0,,4.0,,,,,,,20.0,,,,,,,,100.0,,1226.0,,,,,3947.0,112.0,,60.0,1.0,240.0,40.0,160.0,72.0,,,42.0,364.0,159.0,326.0,,2184.0,32.0,128.0,152.0,,16979.0,1564.0,128.0,1710.0,,,8.0,5307.0,2749.0,600.0,2854.0,,1.0,,100.0,636.0,613.0,,1419.0,460.0,,88.0,330.0,,,180.0,461.0,,2529.0,216.0,,,13025.0,964.0,,,5812.0,2362.0,1.0,,,,84.0,,132.0,,,,11.0,683,38.0,867.0,182.0,,,7.0,,,52.0,,,136.0,346.0,,1.0,,,,14.0,,,,,,6.0,79.0,,79.0,21.0,,,4.0,,,,,,,,,,44.0,28.0,,,4.0,,,
_250m_16_days_VI_Quality_2025185_aid0001,aid0001,2025-07-04 00:00:00+00:00,,36283.0,,14601.0,,6.0,7375.0,238.0,779.0,120.0,,,7.0,5302.0,542.0,1370.0,68.0,,,26.0,508.0,173.0,,309.0,,,,,169.0,33.0,146.0,,1246.0,727.0,64.0,248.0,,,,4906.0,3546.0,507.0,2273.0,,,4.0,859.0,3972.0,36.0,2764.0,,1.0,21509.0,5248.0,,1.0,12987.0,2832.0,,,11493.0,3951.0,,1.0,2992.0,76.0,,2.0,8.0,120.0,,,6108.0,1334.0,,,27463.0,7235.0,,6.0,9427.0,976.0,,,,12710,,5046.0,,17.0,3419.0,,1104.0,,,,20.0,,,3108,40.0,802,14.0,,,13.0,4661.0,1066.0,,3.0,144.0,28.0,,,410.0,141.0,,2.0,,3157,,1717,,,6.0,232.0,,120.0,,,,,,,310.0,,324.0,,,,23.0,1104.0,556.0,,4.0,40.0,,,4.0,,63.0,94.0,,1.0,,,,,28.0,,48.0,672.0,,,,,1376.0,84.0,76.0,40.0,1.0,408.0,268.0,,173.0,,,,455.0,,225.0,,1373.0,84.0,,,,7291.0,1366.0,14.0,210.0,,,3.0,3443.0,5238.0,88.0,4276.0,,7.0,,,776.0,8.0,,1699.0,124.0,,2067.0,,,,135.0,8.0,,2067.0,,,,11707.0,920.0,,8.0,10668.0,132.0,,,,,543.0,20.0,,,,,2.0,954,66.0,231.0,118.0,,,1.0,,119.0,,,1.0,512.0,680.0,,3.0,,,,157.0,,,,,,8.0,278.0,,,,,,2.0,,,,,,24.0,,,,126.0,,,,,,,
_250m_16_days_VI_Quality_2025201_aid0001,aid0001,2025-07-20 00:00:00+00:00,,132297.0,,51625.0,,4.0,,,,,,,,,3405.0,,,,,,100.0,1148.0,64.0,72.0,,,,,566.0,21.0,1255.0,,,,,,,,,,5422.0,32.0,217.0,,,3.0,68.0,4194.0,,4586.0,,,2016.0,4742.0,,,2.0,,,,178.0,,,,143.0,1480.0,,,,1079.0,,,23.0,,,,453.0,44.0,,,590.0,4527.0,,,,17458,,13775.0,,49.0,139.0,220.0,,,,,,,,223,396.0,192,287.0,,,,604.0,2822.0,,12.0,9.0,309.0,,23.0,70.0,630.0,,3.0,,3239,,3279,,,29.0,4.0,,,,,,,,,,,,,,,,786.0,671.0,,17.0,16.0,,,,,,,,,,,,,,,,14.0,,40.0,,,,558.0,86.0,28.0,,,740.0,53.0,277.0,,,,534.0,108.0,2585.0,,94.0,24.0,543.0,,,,3145.0,519.0,400.0,,,,72.0,9426.0,1092.0,7671.0,,1.0,,,21.0,,,192.0,,,56.0,608.0,,,32.0,800.0,,60.0,4.0,,,1157.0,104.0,,,1752.0,4510.0,,,,,,36.0,,,,,,112,164.0,416.0,542.0,,,5.0,,58.0,,,,39.0,572.0,,,,,,,,,,,,,,,,,,,,,,,,,4.0,,,,18.0,,,1.0,,,,
_250m_16_days_VI_Quality_2025217_aid0001,aid0001,2025-08-05 00:00:00+00:00,36.0,77782.0,,20267.0,,85.0,8526.0,132.0,,,,,32.0,6371.0,144.0,,2500.0,,,16.0,536.0,24.0,,1396.0,,,7.0,40.0,202.0,,972.0,,1930.0,284.0,,36.0,,,14.0,7040.0,2146.0,92.0,3437.0,,,18.0,1262.0,2540.0,,5343.0,,12.0,15826.0,2236.0,,31.0,7552.0,44.0,,11.0,2239.0,1136.0,,,961.0,3425.0,,,40.0,48.0,,,3396.0,,,20.0,7736.0,607.0,,6.0,4490.0,1264.0,,1.0,,14843,,3116.0,,144.0,3182.0,,150.0,,,,82.0,,,2384,12.0,153,56.0,,,55.0,3770.0,209.0,,25.0,80.0,,,,156.0,22.0,,2.0,134.0,4917,,715,,,144.0,472.0,,,,,,51.0,,,437.0,,,,,,25.0,902.0,24.0,,,4.0,,,,,16.0,,,,,,,,,72.0,44.0,2550.0,12.0,792.0,,23.0,3393.0,20.0,2988.0,,12.0,367.0,56.0,460.0,344.0,,3.0,16.0,286.0,60.0,599.0,4.0,2321.0,144.0,540.0,20.0,46.0,9405.0,1338.0,1352.0,888.0,,,20.0,2792.0,4928.0,648.0,3729.0,,31.0,,288.0,765.0,,,691.0,752.0,,776.0,2630.0,,,63.0,477.0,,1536.0,16.0,,8.0,6703.0,880.0,,31.0,11156.0,2799.0,3.0,,,,767.0,,28.0,,,,5.0,2317,74.0,188.0,74.0,,,21.0,16.0,37.0,,,,396.0,93.0,,5.0,43.0,,2.0,72.0,,,,,,,231.0,12.0,16.0,,,,3.0,,,,1.0,,,,,,37.0,,,3.0,,,,
_250m_16_days_VI_Quality_2025233_aid0001,aid0001,2025-08-21 00:00:00+00:00,16.0,9643.0,,3805.0,,17.0,12511.0,,,292.0,,,5.0,20335.0,58.0,8257.0,4801.0,,,287.0,425.0,,1606.0,1488.0,,,2.0,,20.0,,93.0,,4428.0,44.0,50.0,64.0,,,12.0,17115.0,1631.0,1854.0,5598.0,,,51.0,910.0,391.0,592.0,1810.0,,60.0,7161.0,3162.0,,1.0,2948.0,216.0,,12.0,5792.0,26385.0,,20.0,190.0,6245.0,,11.0,24.0,39.0,,,2271.0,156.0,,,12740.0,11344.0,,11.0,1078.0,4386.0,,,,6447,112.0,4370.0,,42.0,3114.0,,7511.0,,,,51.0,,,1654,56.0,4164,44.0,,,76.0,2778.0,1119.0,,18.0,42.0,635.0,,7.0,186.0,390.0,,,14.0,1573,,1017,,,58.0,166.0,,482.0,,,,13.0,,,310.0,,631.0,2.0,,,18.0,1862.0,440.0,,13.0,,84.0,,,,5.0,76.0,,,,,,,,,,3072.0,,,,29.0,7688.0,32.0,1004.0,80.0,82.0,580.0,28.0,456.0,160.0,,16.0,,69.0,4.0,20.0,,3940.0,101.0,22.0,,34.0,21415.0,919.0,225.0,637.0,,,36.0,1532.0,552.0,679.0,871.0,,33.0,28.0,,1014.0,,,2661.0,3997.0,7.0,379.0,1728.0,,,20.0,43.0,,2624.0,112.0,,1.0,12257.0,2113.0,,3.0,2241.0,1952.0,1.0,,,,630.0,,1190.0,,,,34.0,1626,44.0,1306.0,8.0,,,30.0,,25.0,156.0,,,292.0,687.0,,7.0,24.0,,2.0,154.0,,358.0,,,,16.0,290.0,68.0,233.0,,,,38.0,,,,,,,,,,59.0,72.0,,,,2.0,,
_250m_16_days_VI_Quality_2025249_aid0001,aid0001,2025-09-06 00:00:00+00:00,,102512.0,,12552.0,,9.0,96.0,,,,,,,4962.0,24.0,,,,,12.0,3082.0,106.0,408.0,4.0,,,,,1640.0,16.0,134.0,,32.0,,,,,,,4166.0,281.0,96.0,,,,,3935.0,2371.0,783.0,707.0,,2.0,21499.0,8195.0,,,,,,,2674.0,68.0,,2.0,4740.0,1022.0,,1.0,1173.0,296.0,,,80.0,,,,3471.0,44.0,,4.0,9195.0,6759.0,,2.0,,15936,,7034.0,,4.0,996.0,52.0,,,,,,,,1191,52.0,73,152.0,,,5.0,3770.0,2771.0,,,433.0,,,3.0,541.0,192.0,,2.0,48.0,3541,,1657,,,2.0,158.0,,,,,,18.0,,,240.0,,,,,,30.0,1710.0,128.0,,,52.0,,,,,47.0,,,1.0,,,12.0,16.0,132.0,,,3656.0,,,,,4604.0,,,,13.0,2347.0,152.0,984.0,18.0,,,48.0,1341.0,8.0,72.0,,2264.0,20.0,,,,6326.0,264.0,,,,,17.0,4631.0,2133.0,2404.0,862.0,,14.0,296.0,,255.0,,,1615.0,,,2225.0,2952.0,,,1294.0,288.0,,1125.0,,,,3981.0,,,3.0,9906.0,7411.0,5.0,,,,488.0,24.0,,,,,1.0,1059,95.0,104.0,52.0,,,8.0,,180.0,,,,564.0,148.0,,,64.0,,7.0,33.0,,,,,,,269.0,,,,,,10.0,,,,,,,,,,97.0,,,,,,,
